Timestamp,Angle (degrees),Distance (cm)
2024-06-13 22:46:50,120,16
2024-06-13 22:46:50,120,16
2024-06-13 22:46:50,121,16
2024-06-13 22:46:50,122,16
2024-06-13 22:46:50,122,16
2024-06-13 22:46:50,123,16
2024-06-13 22:46:50,124,16
2024-06-13 22:46:50,124,16
2024-06-13 22:46:50,125,16
2024-06-13 22:46:50,126,16
2024-06-13 22:46:50,126,16
2024-06-13 22:46:50,127,16
2024-06-13 22:46:50,128,16
2024-06-13 22:46:50,128,16
2024-06-13 22:46:50,129,16
2024-06-13 22:46:50,130,16
2024-06-13 22:46:50,130,16
2024-06-13 22:46:51,131,15
2024-06-13 22:46:51,131,16
2024-06-13 22:46:51,132,18
2024-06-13 22:46:51,132,17
2024-06-13 22:46:51,133,14
2024-06-13 22:46:51,133,14
2024-06-13 22:46:51,134,15
2024-06-13 22:46:51,134,14
2024-06-13 22:46:51,135,14
2024-06-13 22:46:51,135,14
2024-06-13 22:46:51,136,14
2024-06-13 22:46:51,136,15
2024-06-13 22:46:51,136,15
2024-06-13 22:46:51,125,13
2024-06-13 22:46:51,126,15
2024-06-13 22:46:51,127,14
2024-06-13 22:46:51,125,12
2024-06-13 22:46:51,125,10
2024-06-13 22:46:51,126,16
2024-06-13 22:46:51,125,7
2024-06-13 22:46:51,125,8
2024-06-13 22:46:51,126,14
2024-06-13 22:46:51,125,7
2024-06-13 22:46:52,125,6
2024-06-13 22:46:52,126,4
2024-06-13 22:46:52,127,5
2024-06-13 22:46:52,128,23
2024-06-13 22:46:52,129,23
2024-06-13 22:46:52,125,6
2024-06-13 22:46:52,126,20
2024-06-13 22:46:52,125,7
2024-06-13 22:46:52,126,3
2024-06-13 22:46:52,127,23
2024-06-13 22:46:52,125,9
2024-06-13 22:46:52,126,22
2024-06-13 22:46:52,127,22
2024-06-13 22:46:52,128,22
2024-06-13 22:46:52,129,22
2024-06-13 22:46:52,130,20
2024-06-13 22:46:52,125,6
2024-06-13 22:46:52,126,20
2024-06-13 22:46:52,127,23
2024-06-13 22:46:52,125,7
2024-06-13 22:46:52,125,8
2024-06-13 22:46:52,125,8
2024-06-13 22:46:52,125,8
2024-06-13 22:46:53,125,8
2024-06-13 22:46:53,126,14
2024-06-13 22:46:53,127,22
2024-06-13 22:46:53,128,22
2024-06-13 22:46:53,129,20
2024-06-13 22:46:53,125,6
2024-06-13 22:46:53,126,5
2024-06-13 22:46:53,125,7
2024-06-13 22:46:53,125,6
2024-06-13 22:46:53,125,6
2024-06-13 22:46:53,126,5
2024-06-13 22:46:53,127,23
2024-06-13 22:46:53,128,3
2024-06-13 22:46:53,129,4
2024-06-13 22:46:53,129,5
2024-06-13 22:46:53,128,23
2024-06-13 22:46:53,125,6
2024-06-13 22:46:53,126,24
2024-06-13 22:46:53,126,4
2024-06-13 22:46:53,125,4
2024-06-13 22:46:53,125,24
2024-06-13 22:46:53,124,5
2024-06-13 22:46:54,123,3
2024-06-13 22:46:54,123,4
2024-06-13 22:46:54,122,4
2024-06-13 22:46:54,121,5
2024-06-13 22:46:54,121,4
2024-06-13 22:46:54,121,7
2024-06-13 22:46:54,120,14
2024-06-13 22:46:54,119,14
2024-06-13 22:46:54,119,10
2024-06-13 22:46:54,119,9
2024-06-13 22:46:54,119,10
2024-06-13 22:46:54,119,11
2024-06-13 22:46:54,118,20
2024-06-13 22:46:54,117,14
2024-06-13 22:46:54,117,13
2024-06-13 22:46:54,116,14
2024-06-13 22:46:54,115,14
2024-06-13 22:46:54,114,15
2024-06-13 22:46:54,113,14
2024-06-13 22:46:54,112,15
2024-06-13 22:46:54,111,16
2024-06-13 22:46:54,110,16
2024-06-13 22:46:54,109,16
2024-06-13 22:46:55,108,16
2024-06-13 22:46:55,108,16
2024-06-13 22:46:55,107,16
2024-06-13 22:46:55,107,16
2024-06-13 22:46:55,106,16
2024-06-13 22:46:55,106,16
2024-06-13 22:46:55,105,16
2024-06-13 22:46:55,105,16
2024-06-13 22:46:55,104,16
2024-06-13 22:46:55,104,16
2024-06-13 22:46:55,103,16
2024-06-13 22:46:55,103,16
2024-06-13 22:46:55,102,16
2024-06-13 22:46:55,102,16
2024-06-13 22:46:55,102,16
2024-06-13 22:46:55,101,16
2024-06-13 22:46:55,101,16
2024-06-13 22:46:55,101,15
2024-06-13 22:46:55,101,16
2024-06-13 22:46:55,100,16
2024-06-13 22:46:55,100,16
2024-06-13 22:46:55,100,16
2024-06-13 22:46:56,100,16
2024-06-13 22:46:56,100,16
2024-06-13 22:46:56,100,16
2024-06-13 22:46:56,100,16
2024-06-13 22:46:56,100,16
2024-06-13 22:46:56,100,16
2024-06-13 22:46:56,100,16
2024-06-13 22:46:56,100,16
2024-06-13 22:46:56,100,15
2024-06-13 22:46:56,100,16
2024-06-13 22:46:56,100,16
2024-06-13 22:46:56,100,16
2024-06-13 22:46:56,100,16
2024-06-13 22:46:56,100,16
2024-06-13 22:46:56,100,16
2024-06-13 22:46:56,101,16
2024-06-13 22:46:56,101,16
2024-06-13 22:46:56,101,16
2024-06-13 22:46:56,101,16
2024-06-13 22:46:56,102,16
2024-06-13 22:46:56,102,16
2024-06-13 22:46:56,102,16
2024-06-13 22:46:56,103,16
2024-06-13 22:46:57,103,16
2024-06-13 22:46:57,103,16
2024-06-13 22:46:57,104,15
2024-06-13 22:46:57,104,16
2024-06-13 22:46:57,105,16
2024-06-13 22:46:57,105,16
2024-06-13 22:46:57,106,16
2024-06-13 22:46:57,106,16
2024-06-13 22:46:57,107,16
2024-06-13 22:46:57,107,16
2024-06-13 22:46:57,108,16
2024-06-13 22:46:57,108,16
2024-06-13 22:46:57,109,16
2024-06-13 22:46:57,110,16
2024-06-13 22:46:57,110,16
2024-06-13 22:46:57,111,16
2024-06-13 22:46:57,112,16
2024-06-13 22:46:57,112,16
2024-06-13 22:46:57,113,16
2024-06-13 22:46:57,114,15
2024-06-13 22:46:57,114,16
2024-06-13 22:46:57,115,16
2024-06-13 22:46:58,116,16
2024-06-13 22:46:58,116,16
2024-06-13 22:46:58,117,16
2024-06-13 22:46:58,118,16
2024-06-13 22:46:58,118,16
2024-06-13 22:46:58,119,16
2024-06-13 22:46:58,120,15
2024-06-13 22:46:58,120,16
2024-06-13 22:46:58,121,16
2024-06-13 22:46:58,122,16
2024-06-13 22:46:58,123,16
2024-06-13 22:46:58,123,16
2024-06-13 22:46:58,124,16
2024-06-13 22:46:58,125,16
2024-06-13 22:46:58,125,15
2024-06-13 22:46:58,126,16
2024-06-13 22:46:58,127,16
2024-06-13 22:46:58,127,16
2024-06-13 22:46:58,128,16
2024-06-13 22:46:58,129,16
2024-06-13 22:46:58,129,16
2024-06-13 22:46:58,130,16
2024-06-13 22:46:59,130,16
2024-06-13 22:46:59,131,15
2024-06-13 22:46:59,132,16
2024-06-13 22:46:59,132,16
2024-06-13 22:46:59,133,16
2024-06-13 22:46:59,133,17
2024-06-13 22:46:59,134,16
2024-06-13 22:46:59,134,20
2024-06-13 22:46:59,135,14
2024-06-13 22:46:59,135,16
2024-06-13 22:46:59,136,14
2024-06-13 22:46:59,136,15
2024-06-13 22:46:59,136,14
2024-06-13 22:46:59,137,14
2024-06-13 22:46:59,137,15
2024-06-13 22:46:59,137,19
2024-06-13 22:46:59,138,15
2024-06-13 22:46:59,138,14
2024-06-13 22:46:59,125,12
2024-06-13 22:46:59,125,12
2024-06-13 22:46:59,126,16
2024-06-13 22:46:59,125,7
2024-06-13 22:46:59,125,7
2024-06-13 22:47:00,125,6
2024-06-13 22:47:00,126,5
2024-06-13 22:47:00,125,7
2024-06-13 22:47:00,125,7
2024-06-13 22:47:00,126,3
2024-06-13 22:47:00,127,4
2024-06-13 22:47:00,128,24
2024-06-13 22:47:00,129,19
2024-06-13 22:47:00,130,23
2024-06-13 22:47:00,131,22
2024-06-13 22:47:00,132,23
2024-06-13 22:47:00,133,19
2024-06-13 22:47:00,125,8
2024-06-13 22:47:00,126,23
2024-06-13 22:47:00,127,3
2024-06-13 22:47:00,128,3
2024-06-13 22:47:00,125,7
2024-06-13 22:47:00,126,23
2024-06-13 22:47:00,127,23
2024-06-13 22:47:00,128,23
2024-06-13 22:47:00,129,20
2024-06-13 22:47:00,125,6
2024-06-13 22:47:00,125,7
2024-06-13 22:47:01,125,7
2024-06-13 22:47:01,125,6
2024-06-13 22:47:01,125,6
2024-06-13 22:47:01,126,23
2024-06-13 22:47:01,127,3
2024-06-13 22:47:01,128,5
2024-06-13 22:47:01,129,4
2024-06-13 22:47:01,125,6
2024-06-13 22:47:01,126,4
2024-06-13 22:47:01,127,5
2024-06-13 22:47:01,128,3
2024-06-13 22:47:01,129,3
2024-06-13 22:47:01,130,5
2024-06-13 22:47:01,125,6
2024-06-13 22:47:01,126,4
2024-06-13 22:47:01,125,6
2024-06-13 22:47:01,125,6
2024-06-13 22:47:01,126,4
2024-06-13 22:47:01,126,5
2024-06-13 22:47:01,126,4
2024-06-13 22:47:01,125,6
2024-06-13 22:47:01,124,5
2024-06-13 22:47:01,124,4
2024-06-13 22:47:02,124,6
2024-06-13 22:47:02,123,5
2024-06-13 22:47:02,123,7
2024-06-13 22:47:02,123,7
2024-06-13 22:47:02,122,14
2024-06-13 22:47:02,122,10
2024-06-13 22:47:02,121,19
2024-06-13 22:47:02,121,10
2024-06-13 22:47:02,121,7
2024-06-13 22:47:02,121,8
2024-06-13 22:47:02,121,8
2024-06-13 22:47:02,121,12
2024-06-13 22:47:02,121,10
2024-06-13 22:47:02,121,13
2024-06-13 22:47:02,121,10
2024-06-13 22:47:02,120,14
2024-06-13 22:47:02,119,14
2024-06-13 22:47:02,119,13
2024-06-13 22:47:02,118,15
2024-06-13 22:47:02,117,15
2024-06-13 22:47:02,116,14
2024-06-13 22:47:02,115,14
2024-06-13 22:47:02,114,16
2024-06-13 22:47:03,113,16
2024-06-13 22:47:03,112,16
2024-06-13 22:47:03,111,15
2024-06-13 22:47:03,110,16
2024-06-13 22:47:03,109,16
2024-06-13 22:47:03,108,16
2024-06-13 22:47:03,107,16
2024-06-13 22:47:03,106,16
2024-06-13 22:47:03,105,16
2024-06-13 22:47:03,104,16
2024-06-13 22:47:03,103,16
2024-06-13 22:47:03,103,15
2024-06-13 22:47:03,102,16
2024-06-13 22:47:03,102,16
2024-06-13 22:47:03,102,16
2024-06-13 22:47:03,101,16
2024-06-13 22:47:03,101,16
2024-06-13 22:47:03,101,16
2024-06-13 22:47:03,101,16
2024-06-13 22:47:03,100,16
2024-06-13 22:47:03,100,16
2024-06-13 22:47:03,100,15
2024-06-13 22:47:04,100,16
2024-06-13 22:47:04,100,16
2024-06-13 22:47:04,100,16
2024-06-13 22:47:04,100,16
2024-06-13 22:47:04,100,16
2024-06-13 22:47:04,100,16
2024-06-13 22:47:04,100,16
2024-06-13 22:47:04,100,16
2024-06-13 22:47:04,100,15
2024-06-13 22:47:04,100,16
2024-06-13 22:47:04,100,16
2024-06-13 22:47:04,100,16
2024-06-13 22:47:04,100,16
2024-06-13 22:47:04,100,15
2024-06-13 22:47:04,100,16
2024-06-13 22:47:04,101,16
2024-06-13 22:47:04,101,16
2024-06-13 22:47:04,101,16
2024-06-13 22:47:04,101,16
2024-06-13 22:47:04,102,16
2024-06-13 22:47:04,102,16
2024-06-13 22:47:04,102,16
2024-06-13 22:47:05,103,16
2024-06-13 22:47:05,103,16
2024-06-13 22:47:05,104,16
2024-06-13 22:47:05,104,16
2024-06-13 22:47:05,105,15
2024-06-13 22:47:05,105,16
2024-06-13 22:47:05,105,16
2024-06-13 22:47:05,106,16
2024-06-13 22:47:05,106,16
2024-06-13 22:47:05,107,16
2024-06-13 22:47:05,108,16
2024-06-13 22:47:05,108,16
2024-06-13 22:47:05,109,16
2024-06-13 22:47:05,109,16
2024-06-13 22:47:05,110,16
2024-06-13 22:47:05,111,16
2024-06-13 22:47:05,111,16
2024-06-13 22:47:05,112,16
2024-06-13 22:47:05,113,16
2024-06-13 22:47:05,113,16
2024-06-13 22:47:05,114,16
2024-06-13 22:47:05,115,15
2024-06-13 22:47:05,115,16
2024-06-13 22:47:06,116,16
2024-06-13 22:47:06,117,16
2024-06-13 22:47:06,117,16
2024-06-13 22:47:06,118,16
2024-06-13 22:47:06,119,16
2024-06-13 22:47:06,119,16
2024-06-13 22:47:06,120,16
2024-06-13 22:47:06,121,16
2024-06-13 22:47:06,122,16
2024-06-13 22:47:06,122,16
2024-06-13 22:47:06,123,16
2024-06-13 22:47:06,124,16
2024-06-13 22:47:06,124,16
2024-06-13 22:47:06,125,16
2024-06-13 22:47:06,126,16
2024-06-13 22:47:06,126,15
2024-06-13 22:47:06,127,16
2024-06-13 22:47:06,128,16
2024-06-13 22:47:06,128,16
2024-06-13 22:47:06,129,16
2024-06-13 22:47:06,129,16
2024-06-13 22:47:06,130,16
2024-06-13 22:47:07,131,16
2024-06-13 22:47:07,131,16
2024-06-13 22:47:07,132,16
2024-06-13 22:47:07,132,17
2024-06-13 22:47:07,133,16
2024-06-13 22:47:07,133,16
2024-06-13 22:47:07,134,16
2024-06-13 22:47:07,134,14
2024-06-13 22:47:07,135,16
2024-06-13 22:47:07,135,14
2024-06-13 22:47:07,136,14
2024-06-13 22:47:07,136,14
2024-06-13 22:47:07,136,14
2024-06-13 22:47:07,125,13
2024-06-13 22:47:07,126,14
2024-06-13 22:47:07,127,14
2024-06-13 22:47:07,128,14
2024-06-13 22:47:07,129,14
2024-06-13 22:47:07,125,13
2024-06-13 22:47:07,125,12
2024-06-13 22:47:07,125,12
2024-06-13 22:47:07,126,20
2024-06-13 22:47:08,127,15
2024-06-13 22:47:08,125,9
2024-06-13 22:47:08,126,15
2024-06-13 22:47:08,125,8
2024-06-13 22:47:08,125,7
2024-06-13 22:47:08,125,8
2024-06-13 22:47:08,125,7
2024-06-13 22:47:08,125,10
2024-06-13 22:47:08,125,10
2024-06-13 22:47:08,125,11
2024-06-13 22:47:08,126,20
2024-06-13 22:47:08,125,12
2024-06-13 22:47:08,126,23
2024-06-13 22:47:08,125,12
2024-06-13 22:47:08,125,10
2024-06-13 22:47:08,125,12
2024-06-13 22:47:08,125,13
2024-06-13 22:47:08,126,15
2024-06-13 22:47:08,127,14
2024-06-13 22:47:08,125,13
2024-06-13 22:47:08,126,14
2024-06-13 22:47:08,127,19
2024-06-13 22:47:08,128,15
2024-06-13 22:47:09,125,13
2024-06-13 22:47:09,126,14
2024-06-13 22:47:09,127,14
2024-06-13 22:47:09,128,16
2024-06-13 22:47:09,129,15
2024-06-13 22:47:09,130,15
2024-06-13 22:47:09,131,16
2024-06-13 22:47:09,132,16
2024-06-13 22:47:09,132,16
2024-06-13 22:47:09,132,18
2024-06-13 22:47:09,131,14
2024-06-13 22:47:09,131,16
2024-06-13 22:47:09,130,14
2024-06-13 22:47:09,129,15
2024-06-13 22:47:09,129,14
2024-06-13 22:47:09,128,15
2024-06-13 22:47:09,128,14
2024-06-13 22:47:09,125,13
2024-06-13 22:47:09,126,14
2024-06-13 22:47:09,126,14
2024-06-13 22:47:09,125,13
2024-06-13 22:47:09,124,19
2024-06-13 22:47:10,124,13
2024-06-13 22:47:10,123,14
2024-06-13 22:47:10,122,15
2024-06-13 22:47:10,121,14
2024-06-13 22:47:10,121,13
2024-06-13 22:47:10,120,14
2024-06-13 22:47:10,119,15
2024-06-13 22:47:10,119,15
2024-06-13 22:47:10,118,16
2024-06-13 22:47:10,117,14
2024-06-13 22:47:10,117,14
2024-06-13 22:47:10,116,16
2024-06-13 22:47:10,115,16
2024-06-13 22:47:10,114,16
2024-06-13 22:47:10,114,16
2024-06-13 22:47:10,113,16
2024-06-13 22:47:10,112,16
2024-06-13 22:47:10,112,16
2024-06-13 22:47:10,111,16
2024-06-13 22:47:10,111,16
2024-06-13 22:47:10,110,16
2024-06-13 22:47:10,109,15
2024-06-13 22:47:11,109,16
2024-06-13 22:47:11,108,16
2024-06-13 22:47:11,108,16
2024-06-13 22:47:11,107,15
2024-06-13 22:47:11,106,16
2024-06-13 22:47:11,106,16
2024-06-13 22:47:11,105,16
2024-06-13 22:47:11,105,16
2024-06-13 22:47:11,104,16
2024-06-13 22:47:11,104,16
2024-06-13 22:47:11,104,16
2024-06-13 22:47:11,103,16
2024-06-13 22:47:11,103,16
2024-06-13 22:47:11,102,16
2024-06-13 22:47:11,102,16
2024-06-13 22:47:11,102,16
2024-06-13 22:47:11,101,15
2024-06-13 22:47:11,101,16
2024-06-13 22:47:11,101,16
2024-06-13 22:47:11,101,16
2024-06-13 22:47:11,100,15
2024-06-13 22:47:11,100,16
2024-06-13 22:47:11,100,16
2024-06-13 22:47:12,100,16
2024-06-13 22:47:12,100,16
2024-06-13 22:47:12,100,16
2024-06-13 22:47:12,100,16
2024-06-13 22:47:12,100,16
2024-06-13 22:47:12,100,16
2024-06-13 22:47:12,100,16
2024-06-13 22:47:12,100,16
2024-06-13 22:47:12,100,16
2024-06-13 22:47:12,100,16
2024-06-13 22:47:12,100,15
2024-06-13 22:47:12,100,16
2024-06-13 22:47:12,100,16
2024-06-13 22:47:12,100,16
2024-06-13 22:47:12,100,15
2024-06-13 22:47:12,101,16
2024-06-13 22:47:12,101,16
2024-06-13 22:47:12,101,16
2024-06-13 22:47:12,101,16
2024-06-13 22:47:12,102,16
2024-06-13 22:47:12,102,16
2024-06-13 22:47:12,102,16
2024-06-13 22:47:13,103,16
2024-06-13 22:47:13,103,16
2024-06-13 22:47:13,104,16
2024-06-13 22:47:13,104,16
2024-06-13 22:47:13,104,16
2024-06-13 22:47:13,105,15
2024-06-13 22:47:13,105,16
2024-06-13 22:47:13,106,16
2024-06-13 22:47:13,106,16
2024-06-13 22:47:13,107,15
2024-06-13 22:47:13,108,16
2024-06-13 22:47:13,108,16
2024-06-13 22:47:13,109,16
2024-06-13 22:47:13,109,16
2024-06-13 22:47:13,110,16
2024-06-13 22:47:13,111,16
2024-06-13 22:47:13,111,16
2024-06-13 22:47:13,112,16
2024-06-13 22:47:13,112,16
2024-06-13 22:47:13,113,16
2024-06-13 22:47:13,114,16
2024-06-13 22:47:13,114,16
2024-06-13 22:47:14,115,15
2024-06-13 22:47:14,116,16
2024-06-13 22:47:14,117,16
2024-06-13 22:47:14,117,16
2024-06-13 22:47:14,118,15
2024-06-13 22:47:14,119,16
2024-06-13 22:47:14,119,16
2024-06-13 22:47:14,120,16
2024-06-13 22:47:14,121,16
2024-06-13 22:47:14,121,16
2024-06-13 22:47:14,122,16
2024-06-13 22:47:14,123,16
2024-06-13 22:47:14,124,16
2024-06-13 22:47:14,124,16
2024-06-13 22:47:14,125,16
2024-06-13 22:47:14,126,16
2024-06-13 22:47:14,126,16
2024-06-13 22:47:14,127,16
2024-06-13 22:47:14,128,16
2024-06-13 22:47:14,128,16
2024-06-13 22:47:14,129,16
2024-06-13 22:47:14,129,15
2024-06-13 22:47:14,130,16
2024-06-13 22:47:15,131,16
2024-06-13 22:47:15,131,16
2024-06-13 22:47:15,132,16
2024-06-13 22:47:15,132,16
2024-06-13 22:47:15,133,16
2024-06-13 22:47:15,133,16
2024-06-13 22:47:15,134,16
2024-06-13 22:47:15,134,16
2024-06-13 22:47:15,135,14
2024-06-13 22:47:15,135,16
2024-06-13 22:47:15,136,14
2024-06-13 22:47:15,136,15
2024-06-13 22:47:15,136,14
2024-06-13 22:47:15,137,14
2024-06-13 22:47:15,137,15
2024-06-13 22:47:15,125,13
2024-06-13 22:47:15,126,15
2024-06-13 22:47:15,127,14
2024-06-13 22:47:15,125,11
2024-06-13 22:47:15,125,12
2024-06-13 22:47:15,125,9
2024-06-13 22:47:15,125,11
2024-06-13 22:47:16,125,7
2024-06-13 22:47:16,125,6
2024-06-13 22:47:16,126,14
2024-06-13 22:47:16,125,8
2024-06-13 22:47:16,125,6
2024-06-13 22:47:16,126,4
2024-06-13 22:47:16,127,3
2024-06-13 22:47:16,125,6
2024-06-13 22:47:16,126,22
2024-06-13 22:47:16,125,6
2024-06-13 22:47:16,126,23
2024-06-13 22:47:16,127,21
2024-06-13 22:47:16,128,3
2024-06-13 22:47:16,129,22
2024-06-13 22:47:16,130,23
2024-06-13 22:47:16,131,23
2024-06-13 22:47:16,132,23
2024-06-13 22:47:16,133,3
2024-06-13 22:47:16,134,3
2024-06-13 22:47:16,135,3
2024-06-13 22:47:16,136,3
2024-06-13 22:47:16,137,3
2024-06-13 22:47:16,137,3
2024-06-13 22:47:17,136,3
2024-06-13 22:47:17,136,3
2024-06-13 22:47:17,135,3
2024-06-13 22:47:17,135,3
2024-06-13 22:47:17,135,3
2024-06-13 22:47:17,134,3
2024-06-13 22:47:17,134,3
2024-06-13 22:47:17,133,3
2024-06-13 22:47:17,133,3
2024-06-13 22:47:17,132,3
2024-06-13 22:47:17,132,3
2024-06-13 22:47:17,131,3
2024-06-13 22:47:17,130,23
2024-06-13 22:47:17,125,7
2024-06-13 22:47:17,126,23
2024-06-13 22:47:17,127,3
2024-06-13 22:47:17,128,3
2024-06-13 22:47:17,125,7
2024-06-13 22:47:17,126,22
2024-06-13 22:47:17,126,22
2024-06-13 22:47:17,125,22
2024-06-13 22:47:17,125,22
2024-06-13 22:47:17,124,22
2024-06-13 22:47:18,123,20
2024-06-13 22:47:18,123,6
2024-06-13 22:47:18,122,5
2024-06-13 22:47:18,122,6
2024-06-13 22:47:18,121,22
2024-06-13 22:47:18,120,22
2024-06-13 22:47:18,119,5
2024-06-13 22:47:18,119,6
2024-06-13 22:47:18,118,3
2024-06-13 22:47:18,117,5
2024-06-13 22:47:18,116,5
2024-06-13 22:47:18,116,6
2024-06-13 22:47:18,115,20
2024-06-13 22:47:18,115,6
2024-06-13 22:47:18,115,8
2024-06-13 22:47:18,115,9
2024-06-13 22:47:18,115,13
2024-06-13 22:47:18,115,11
2024-06-13 22:47:18,114,14
2024-06-13 22:47:18,113,14
2024-06-13 22:47:18,112,19
2024-06-13 22:47:18,111,14
2024-06-13 22:47:18,110,14
2024-06-13 22:47:19,109,16
2024-06-13 22:47:19,108,16
2024-06-13 22:47:19,107,16
2024-06-13 22:47:19,107,16
2024-06-13 22:47:19,106,16
2024-06-13 22:47:19,106,16
2024-06-13 22:47:19,105,16
2024-06-13 22:47:19,105,16
2024-06-13 22:47:19,104,16
2024-06-13 22:47:19,104,16
2024-06-13 22:47:19,103,16
2024-06-13 22:47:19,103,16
2024-06-13 22:47:19,102,16
2024-06-13 22:47:19,102,16
2024-06-13 22:47:19,102,16
2024-06-13 22:47:19,101,16
2024-06-13 22:47:19,101,16
2024-06-13 22:47:19,101,16
2024-06-13 22:47:19,101,16
2024-06-13 22:47:19,100,15
2024-06-13 22:47:19,100,16
2024-06-13 22:47:19,100,16
2024-06-13 22:47:20,100,16
2024-06-13 22:47:20,100,16
2024-06-13 22:47:20,100,16
2024-06-13 22:47:20,100,16
2024-06-13 22:47:20,100,16
2024-06-13 22:47:20,100,16
2024-06-13 22:47:20,100,15
2024-06-13 22:47:20,100,16
2024-06-13 22:47:20,100,16
2024-06-13 22:47:20,100,16
2024-06-13 22:47:20,100,16
2024-06-13 22:47:20,100,15
2024-06-13 22:47:20,100,16
2024-06-13 22:47:20,100,16
2024-06-13 22:47:20,100,16
2024-06-13 22:47:20,100,16
2024-06-13 22:47:20,101,16
2024-06-13 22:47:20,101,16
2024-06-13 22:47:20,101,16
2024-06-13 22:47:20,102,16
2024-06-13 22:47:20,102,16
2024-06-13 22:47:20,102,16
2024-06-13 22:47:20,103,16
2024-06-13 22:47:21,103,16
2024-06-13 22:47:21,103,15
2024-06-13 22:47:21,104,16
2024-06-13 22:47:21,104,16
2024-06-13 22:47:21,105,16
2024-06-13 22:47:21,105,15
2024-06-13 22:47:21,106,16
2024-06-13 22:47:21,106,16
2024-06-13 22:47:21,107,16
2024-06-13 22:47:21,107,16
2024-06-13 22:47:21,108,16
2024-06-13 22:47:21,108,16
2024-06-13 22:47:21,109,16
2024-06-13 22:47:21,110,16
2024-06-13 22:47:21,110,16
2024-06-13 22:47:21,111,16
2024-06-13 22:47:21,111,16
2024-06-13 22:47:21,112,16
2024-06-13 22:47:21,113,15
2024-06-13 22:47:21,113,16
2024-06-13 22:47:21,114,16
2024-06-13 22:47:21,115,16
2024-06-13 22:47:22,116,15
2024-06-13 22:47:22,116,16
2024-06-13 22:47:22,117,16
2024-06-13 22:47:22,118,16
2024-06-13 22:47:22,118,16
2024-06-13 22:47:22,119,16
2024-06-13 22:47:22,120,16
2024-06-13 22:47:22,120,16
2024-06-13 22:47:22,121,16
2024-06-13 22:47:22,122,16
2024-06-13 22:47:22,122,16
2024-06-13 22:47:22,123,16
2024-06-13 22:47:22,124,16
2024-06-13 22:47:22,125,15
2024-06-13 22:47:22,125,16
2024-06-13 22:47:22,126,16
2024-06-13 22:47:22,127,16
2024-06-13 22:47:22,127,15
2024-06-13 22:47:22,128,16
2024-06-13 22:47:22,128,16
2024-06-13 22:47:22,129,16
2024-06-13 22:47:22,130,16
2024-06-13 22:47:23,130,16
2024-06-13 22:47:23,131,16
2024-06-13 22:47:23,131,16
2024-06-13 22:47:23,132,16
2024-06-13 22:47:23,133,18
2024-06-13 22:47:23,133,17
2024-06-13 22:47:23,134,16
2024-06-13 22:47:23,134,14
2024-06-13 22:47:23,135,15
2024-06-13 22:47:23,135,15
2024-06-13 22:47:23,135,15
2024-06-13 22:47:23,136,14
2024-06-13 22:47:23,136,14
2024-06-13 22:47:23,137,14
2024-06-13 22:47:23,137,14
2024-06-13 22:47:23,125,12
2024-06-13 22:47:23,126,14
2024-06-13 22:47:23,125,9
2024-06-13 22:47:23,125,10
2024-06-13 22:47:23,126,5
2024-06-13 22:47:23,127,4
2024-06-13 22:47:23,128,4
2024-06-13 22:47:23,125,7
2024-06-13 22:47:24,126,3
2024-06-13 22:47:24,127,3
2024-06-13 22:47:24,128,3
2024-06-13 22:47:24,129,22
2024-06-13 22:47:24,130,23
2024-06-13 22:47:24,131,23
2024-06-13 22:47:24,132,23
2024-06-13 22:47:24,133,3
2024-06-13 22:47:24,134,3
2024-06-13 22:47:24,135,3
2024-06-13 22:47:24,136,3
2024-06-13 22:47:24,137,3
2024-06-13 22:47:24,138,3
2024-06-13 22:47:24,139,3
2024-06-13 22:47:24,139,3
2024-06-13 22:47:24,138,3
2024-06-13 22:47:24,138,3
2024-06-13 22:47:24,138,3
2024-06-13 22:47:24,138,3
2024-06-13 22:47:24,137,3
2024-06-13 22:47:24,137,3
2024-06-13 22:47:24,137,3
2024-06-13 22:47:24,136,3
2024-06-13 22:47:25,136,3
2024-06-13 22:47:25,136,3
2024-06-13 22:47:25,135,3
2024-06-13 22:47:25,135,3
2024-06-13 22:47:25,134,3
2024-06-13 22:47:25,134,3
2024-06-13 22:47:25,133,23
2024-06-13 22:47:25,133,23
2024-06-13 22:47:25,132,3
2024-06-13 22:47:25,132,3
2024-06-13 22:47:25,131,3
2024-06-13 22:47:25,131,3
2024-06-13 22:47:25,130,3
2024-06-13 22:47:25,130,3
2024-06-13 22:47:25,129,3
2024-06-13 22:47:25,128,3
2024-06-13 22:47:25,128,3
2024-06-13 22:47:25,127,3
2024-06-13 22:47:25,127,3
2024-06-13 22:47:25,126,3
2024-06-13 22:47:25,125,3
2024-06-13 22:47:25,125,3
2024-06-13 22:47:25,124,3
2024-06-13 22:47:26,123,23
2024-06-13 22:47:26,123,23
2024-06-13 22:47:26,122,22
2024-06-13 22:47:26,122,7
2024-06-13 22:47:26,121,18
2024-06-13 22:47:26,120,22
2024-06-13 22:47:26,119,3
2024-06-13 22:47:26,119,7
2024-06-13 22:47:26,118,23
2024-06-13 22:47:26,117,3
2024-06-13 22:47:26,116,4
2024-06-13 22:47:26,116,3
2024-06-13 22:47:26,116,6
2024-06-13 22:47:26,116,6
2024-06-13 22:47:26,115,5
2024-06-13 22:47:26,114,14
2024-06-13 22:47:26,115,8
2024-06-13 22:47:26,115,7
2024-06-13 22:47:26,115,9
2024-06-13 22:47:26,114,20
2024-06-13 22:47:26,115,13
2024-06-13 22:47:26,115,12
2024-06-13 22:47:26,115,13
2024-06-13 22:47:27,114,14
2024-06-13 22:47:27,113,15
2024-06-13 22:47:27,112,14
2024-06-13 22:47:27,111,16
2024-06-13 22:47:27,110,16
2024-06-13 22:47:27,109,16
2024-06-13 22:47:27,108,16
2024-06-13 22:47:27,107,16
2024-06-13 22:47:27,106,16
2024-06-13 22:47:27,105,16
2024-06-13 22:47:27,104,16
2024-06-13 22:47:27,103,16
2024-06-13 22:47:27,102,16
2024-06-13 22:47:27,102,16
2024-06-13 22:47:27,102,16
2024-06-13 22:47:27,101,16
2024-06-13 22:47:27,101,16
2024-06-13 22:47:27,101,16
2024-06-13 22:47:27,101,16
2024-06-13 22:47:27,100,16
2024-06-13 22:47:27,100,16
2024-06-13 22:47:27,100,16
2024-06-13 22:47:28,100,16
2024-06-13 22:47:28,100,15
2024-06-13 22:47:28,100,16
2024-06-13 22:47:28,100,16
2024-06-13 22:47:28,100,16
2024-06-13 22:47:28,100,16
2024-06-13 22:47:28,100,16
2024-06-13 22:47:28,100,16
2024-06-13 22:47:28,100,16
2024-06-13 22:47:28,100,16
2024-06-13 22:47:28,100,15
2024-06-13 22:47:28,100,16
2024-06-13 22:47:28,100,16
2024-06-13 22:47:28,100,16
2024-06-13 22:47:28,100,16
2024-06-13 22:47:28,101,15
2024-06-13 22:47:28,101,16
2024-06-13 22:47:28,101,16
2024-06-13 22:47:28,101,16
2024-06-13 22:47:28,102,16
2024-06-13 22:47:28,102,16
2024-06-13 22:47:28,102,16
2024-06-13 22:47:29,103,16
2024-06-13 22:47:29,103,16
2024-06-13 22:47:29,103,15
2024-06-13 22:47:29,104,16
2024-06-13 22:47:29,104,16
2024-06-13 22:47:29,105,16
2024-06-13 22:47:29,105,16
2024-06-13 22:47:29,106,16
2024-06-13 22:47:29,106,16
2024-06-13 22:47:29,107,16
2024-06-13 22:47:29,107,16
2024-06-13 22:47:29,108,16
2024-06-13 22:47:29,108,16
2024-06-13 22:47:29,109,16
2024-06-13 22:47:29,110,16
2024-06-13 22:47:29,110,15
2024-06-13 22:47:29,111,16
2024-06-13 22:47:29,112,16
2024-06-13 22:47:29,112,16
2024-06-13 22:47:29,113,15
2024-06-13 22:47:29,113,16
2024-06-13 22:47:29,114,16
2024-06-13 22:47:29,115,16
2024-06-13 22:47:30,116,16
2024-06-13 22:47:30,116,16
2024-06-13 22:47:30,117,16
2024-06-13 22:47:30,118,16
2024-06-13 22:47:30,118,16
2024-06-13 22:47:30,119,16
2024-06-13 22:47:30,120,16
2024-06-13 22:47:30,120,16
2024-06-13 22:47:30,121,16
2024-06-13 22:47:30,122,15
2024-06-13 22:47:30,123,16
2024-06-13 22:47:30,123,16
2024-06-13 22:47:30,124,16
2024-06-13 22:47:30,125,15
2024-06-13 22:47:30,125,16
2024-06-13 22:47:30,126,16
2024-06-13 22:47:30,127,16
2024-06-13 22:47:30,127,16
2024-06-13 22:47:30,128,16
2024-06-13 22:47:30,129,16
2024-06-13 22:47:30,129,16
2024-06-13 22:47:30,130,16
2024-06-13 22:47:31,130,16
2024-06-13 22:47:31,131,16
2024-06-13 22:47:31,132,17
2024-06-13 22:47:31,132,16
2024-06-13 22:47:31,133,16
2024-06-13 22:47:31,133,16
2024-06-13 22:47:31,134,14
2024-06-13 22:47:31,134,16
2024-06-13 22:47:31,135,19
2024-06-13 22:47:31,135,16
2024-06-13 22:47:31,135,14
2024-06-13 22:47:31,136,23
2024-06-13 22:47:31,125,12
2024-06-13 22:47:31,126,17
2024-06-13 22:47:31,125,13
2024-06-13 22:47:31,126,15
2024-06-13 22:47:31,125,13
2024-06-13 22:47:31,126,14
2024-06-13 22:47:31,125,13
2024-06-13 22:47:31,126,15
2024-06-13 22:47:31,127,14
2024-06-13 22:47:31,125,13
2024-06-13 22:47:32,126,15
2024-06-13 22:47:32,125,10
2024-06-13 22:47:32,125,12
2024-06-13 22:47:32,126,15
2024-06-13 22:47:32,127,20
2024-06-13 22:47:32,128,15
2024-06-13 22:47:32,129,20
2024-06-13 22:47:32,125,12
2024-06-13 22:47:32,125,12
2024-06-13 22:47:32,126,15
2024-06-13 22:47:32,127,20
2024-06-13 22:47:32,128,20
2024-06-13 22:47:32,125,12
2024-06-13 22:47:32,126,14
2024-06-13 22:47:32,127,14
2024-06-13 22:47:32,128,22
2024-06-13 22:47:32,125,11
2024-06-13 22:47:32,125,10
2024-06-13 22:47:32,125,12
2024-06-13 22:47:32,125,13
2024-06-13 22:47:32,125,12
2024-06-13 22:47:32,126,14
2024-06-13 22:47:32,125,13
2024-06-13 22:47:33,126,14
2024-06-13 22:47:33,127,14
2024-06-13 22:47:33,125,13
2024-06-13 22:47:33,125,13
2024-06-13 22:47:33,126,14
2024-06-13 22:47:33,127,15
2024-06-13 22:47:33,125,13
2024-06-13 22:47:33,126,14
2024-06-13 22:47:33,127,15
2024-06-13 22:47:33,128,14
2024-06-13 22:47:33,129,19
2024-06-13 22:47:33,130,14
2024-06-13 22:47:33,130,14
2024-06-13 22:47:33,130,15
2024-06-13 22:47:33,129,16
2024-06-13 22:47:33,128,16
2024-06-13 22:47:33,128,16
2024-06-13 22:47:33,127,16
2024-06-13 22:47:33,126,16
2024-06-13 22:47:33,126,19
2024-06-13 22:47:33,125,16
2024-06-13 22:47:33,124,16
2024-06-13 22:47:34,124,16
2024-06-13 22:47:34,123,16
2024-06-13 22:47:34,122,16
2024-06-13 22:47:34,122,16
2024-06-13 22:47:34,121,16
2024-06-13 22:47:34,120,16
2024-06-13 22:47:34,119,16
2024-06-13 22:47:34,119,16
2024-06-13 22:47:34,118,15
2024-06-13 22:47:34,117,16
2024-06-13 22:47:34,117,16
2024-06-13 22:47:34,116,16
2024-06-13 22:47:34,115,15
2024-06-13 22:47:34,115,16
2024-06-13 22:47:34,114,16
2024-06-13 22:47:34,113,16
2024-06-13 22:47:34,113,16
2024-06-13 22:47:34,112,16
2024-06-13 22:47:34,111,16
2024-06-13 22:47:34,111,16
2024-06-13 22:47:34,110,16
2024-06-13 22:47:34,109,16
2024-06-13 22:47:35,109,16
2024-06-13 22:47:35,108,16
2024-06-13 22:47:35,108,16
2024-06-13 22:47:35,107,15
2024-06-13 22:47:35,107,16
2024-06-13 22:47:35,106,16
2024-06-13 22:47:35,106,16
2024-06-13 22:47:35,105,15
2024-06-13 22:47:35,105,16
2024-06-13 22:47:35,104,16
2024-06-13 22:47:35,104,16
2024-06-13 22:47:35,103,16
2024-06-13 22:47:35,103,16
2024-06-13 22:47:35,102,16
2024-06-13 22:47:35,102,16
2024-06-13 22:47:35,102,16
2024-06-13 22:47:35,101,16
2024-06-13 22:47:35,101,16
2024-06-13 22:47:35,101,16
2024-06-13 22:47:35,101,16
2024-06-13 22:47:35,100,15
2024-06-13 22:47:35,100,16
2024-06-13 22:47:35,100,16
2024-06-13 22:47:36,100,16
2024-06-13 22:47:36,100,15
2024-06-13 22:47:36,100,16
2024-06-13 22:47:36,100,16
2024-06-13 22:47:36,100,16
2024-06-13 22:47:36,100,16
2024-06-13 22:47:36,100,16
2024-06-13 22:47:36,100,16
2024-06-13 22:47:36,100,16
2024-06-13 22:47:36,100,16
2024-06-13 22:47:36,100,16
2024-06-13 22:47:36,100,16
2024-06-13 22:47:36,100,16
2024-06-13 22:47:36,100,16
2024-06-13 22:47:36,100,15
2024-06-13 22:47:36,101,16
2024-06-13 22:47:36,101,16
2024-06-13 22:47:36,101,16
2024-06-13 22:47:36,101,15
2024-06-13 22:47:36,102,16
2024-06-13 22:47:36,102,16
2024-06-13 22:47:36,102,16
2024-06-13 22:47:37,103,16
2024-06-13 22:47:37,103,16
2024-06-13 22:47:37,103,16
2024-06-13 22:47:37,104,16
2024-06-13 22:47:37,104,16
2024-06-13 22:47:37,105,16
2024-06-13 22:47:37,105,16
2024-06-13 22:47:37,106,16
2024-06-13 22:47:37,106,16
2024-06-13 22:47:37,107,15
2024-06-13 22:47:37,107,16
2024-06-13 22:47:37,108,16
2024-06-13 22:47:37,109,16
2024-06-13 22:47:37,109,15
2024-06-13 22:47:37,110,16
2024-06-13 22:47:37,110,16
2024-06-13 22:47:37,111,16
2024-06-13 22:47:37,112,16
2024-06-13 22:47:37,112,16
2024-06-13 22:47:37,113,16
2024-06-13 22:47:37,114,16
2024-06-13 22:47:37,114,16
2024-06-13 22:47:38,115,16
2024-06-13 22:47:38,116,16
2024-06-13 22:47:38,116,16
2024-06-13 22:47:38,117,16
2024-06-13 22:47:38,118,15
2024-06-13 22:47:38,118,16
2024-06-13 22:47:38,119,16
2024-06-13 22:47:38,120,16
2024-06-13 22:47:38,121,15
2024-06-13 22:47:38,121,16
2024-06-13 22:47:38,122,16
2024-06-13 22:47:38,123,16
2024-06-13 22:47:38,123,16
2024-06-13 22:47:38,124,16
2024-06-13 22:47:38,125,16
2024-06-13 22:47:38,125,16
2024-06-13 22:47:38,126,16
2024-06-13 22:47:38,127,16
2024-06-13 22:47:38,127,16
2024-06-13 22:47:38,128,16
2024-06-13 22:47:38,129,16
2024-06-13 22:47:38,129,15
2024-06-13 22:47:38,130,16
2024-06-13 22:47:39,130,16
2024-06-13 22:47:39,131,16
2024-06-13 22:47:39,132,15
2024-06-13 22:47:39,132,16
2024-06-13 22:47:39,133,16
2024-06-13 22:47:39,133,16
2024-06-13 22:47:39,134,16
2024-06-13 22:47:39,134,18
2024-06-13 22:47:39,135,14
2024-06-13 22:47:39,135,16
2024-06-13 22:47:39,136,14
2024-06-13 22:47:39,136,15
2024-06-13 22:47:39,136,14
2024-06-13 22:47:39,137,15
2024-06-13 22:47:39,137,14
2024-06-13 22:47:39,137,14
2024-06-13 22:47:39,138,14
2024-06-13 22:47:39,125,12
2024-06-13 22:47:39,125,10
2024-06-13 22:47:39,125,11
2024-06-13 22:47:39,125,6
2024-06-13 22:47:39,126,14
2024-06-13 22:47:40,127,5
2024-06-13 22:47:40,128,3
2024-06-13 22:47:40,125,13
2024-06-13 22:47:40,125,7
2024-06-13 22:47:40,126,3
2024-06-13 22:47:40,127,4
2024-06-13 22:47:40,125,7
2024-06-13 22:47:40,126,22
2024-06-13 22:47:40,127,23
2024-06-13 22:47:40,128,5
2024-06-13 22:47:40,129,23
2024-06-13 22:47:40,130,23
2024-06-13 22:47:40,131,3
2024-06-13 22:47:40,132,3
2024-06-13 22:47:40,133,3
2024-06-13 22:47:40,134,3
2024-06-13 22:47:40,135,3
2024-06-13 22:47:40,136,4
2024-06-13 22:47:40,137,5
2024-06-13 22:47:40,138,23
2024-06-13 22:47:40,137,3
2024-06-13 22:47:40,137,3
2024-06-13 22:47:40,137,3
2024-06-13 22:47:41,136,3
2024-06-13 22:47:41,136,3
2024-06-13 22:47:41,136,3
2024-06-13 22:47:41,135,3
2024-06-13 22:47:41,135,3
2024-06-13 22:47:41,134,3
2024-06-13 22:47:41,134,3
2024-06-13 22:47:41,133,3
2024-06-13 22:47:41,133,3
2024-06-13 22:47:41,132,3
2024-06-13 22:47:41,132,3
2024-06-13 22:47:41,131,3
2024-06-13 22:47:41,131,3
2024-06-13 22:47:41,130,3
2024-06-13 22:47:41,129,3
2024-06-13 22:47:41,129,3
2024-06-13 22:47:41,128,23
2024-06-13 22:47:41,128,3
2024-06-13 22:47:41,127,3
2024-06-13 22:47:41,126,3
2024-06-13 22:47:41,126,3
2024-06-13 22:47:41,125,3
2024-06-13 22:47:41,124,3
2024-06-13 22:47:42,124,23
2024-06-13 22:47:42,123,23
2024-06-13 22:47:42,122,23
2024-06-13 22:47:42,122,7
2024-06-13 22:47:42,122,8
2024-06-13 22:47:42,121,22
2024-06-13 22:47:42,120,20
2024-06-13 22:47:42,120,8
2024-06-13 22:47:42,119,22
2024-06-13 22:47:42,118,5
2024-06-13 22:47:42,117,5
2024-06-13 22:47:42,117,6
2024-06-13 22:47:42,116,5
2024-06-13 22:47:42,116,7
2024-06-13 22:47:42,116,12
2024-06-13 22:47:42,116,8
2024-06-13 22:47:42,116,11
2024-06-13 22:47:42,115,15
2024-06-13 22:47:42,115,12
2024-06-13 22:47:42,115,13
2024-06-13 22:47:42,115,13
2024-06-13 22:47:42,114,14
2024-06-13 22:47:42,113,15
2024-06-13 22:47:43,112,14
2024-06-13 22:47:43,111,16
2024-06-13 22:47:43,110,16
2024-06-13 22:47:43,109,16
2024-06-13 22:47:43,108,16
2024-06-13 22:47:43,107,16
2024-06-13 22:47:43,106,15
2024-06-13 22:47:43,105,16
2024-06-13 22:47:43,104,16
2024-06-13 22:47:43,104,16
2024-06-13 22:47:43,103,16
2024-06-13 22:47:43,103,15
2024-06-13 22:47:43,103,16
2024-06-13 22:47:43,102,16
2024-06-13 22:47:43,102,16
2024-06-13 22:47:43,102,16
2024-06-13 22:47:43,101,16
2024-06-13 22:47:43,101,16
2024-06-13 22:47:43,101,16
2024-06-13 22:47:43,101,16
2024-06-13 22:47:43,100,15
2024-06-13 22:47:43,100,16
2024-06-13 22:47:44,100,16
2024-06-13 22:47:44,100,16
2024-06-13 22:47:44,100,16
2024-06-13 22:47:44,100,16
2024-06-13 22:47:44,100,16
2024-06-13 22:47:44,100,16
2024-06-13 22:47:44,100,16
2024-06-13 22:47:44,100,16
2024-06-13 22:47:44,100,16
2024-06-13 22:47:44,100,16
2024-06-13 22:47:44,100,16
2024-06-13 22:47:44,100,16
2024-06-13 22:47:44,100,16
2024-06-13 22:47:44,100,16
2024-06-13 22:47:44,100,16
2024-06-13 22:47:44,100,16
2024-06-13 22:47:44,101,16
2024-06-13 22:47:44,101,15
2024-06-13 22:47:44,101,16
2024-06-13 22:47:44,101,16
2024-06-13 22:47:44,102,16
2024-06-13 22:47:44,102,16
2024-06-13 22:47:44,102,15
2024-06-13 22:47:45,103,16
2024-06-13 22:47:45,103,16
2024-06-13 22:47:45,104,16
2024-06-13 22:47:45,104,16
2024-06-13 22:47:45,104,16
2024-06-13 22:47:45,105,16
2024-06-13 22:47:45,105,16
2024-06-13 22:47:45,106,16
2024-06-13 22:47:45,106,16
2024-06-13 22:47:45,107,16
2024-06-13 22:47:45,108,16
2024-06-13 22:47:45,108,16
2024-06-13 22:47:45,109,16
2024-06-13 22:47:45,109,16
2024-06-13 22:47:45,110,16
2024-06-13 22:47:45,111,16
2024-06-13 22:47:45,111,15
2024-06-13 22:47:45,112,16
2024-06-13 22:47:45,112,16
2024-06-13 22:47:45,113,16
2024-06-13 22:47:45,114,16
2024-06-13 22:47:45,114,16
2024-06-13 22:47:46,115,16
2024-06-13 22:47:46,116,16
2024-06-13 22:47:46,117,16
2024-06-13 22:47:46,117,16
2024-06-13 22:47:46,118,16
2024-06-13 22:47:46,119,16
2024-06-13 22:47:46,119,16
2024-06-13 22:47:46,120,16
2024-06-13 22:47:46,121,16
2024-06-13 22:47:46,121,16
2024-06-13 22:47:46,122,16
2024-06-13 22:47:46,123,15
2024-06-13 22:47:46,124,16
2024-06-13 22:47:46,124,16
2024-06-13 22:47:46,125,16
2024-06-13 22:47:46,126,16
2024-06-13 22:47:46,126,16
2024-06-13 22:47:46,127,16
2024-06-13 22:47:46,128,16
2024-06-13 22:47:46,128,16
2024-06-13 22:47:46,129,16
2024-06-13 22:47:46,129,16
2024-06-13 22:47:47,130,16
2024-06-13 22:47:47,131,16
2024-06-13 22:47:47,131,16
2024-06-13 22:47:47,132,16
2024-06-13 22:47:47,132,16
2024-06-13 22:47:47,133,16
2024-06-13 22:47:47,133,14
2024-06-13 22:47:47,134,14
2024-06-13 22:47:47,134,16
2024-06-13 22:47:47,135,14
2024-06-13 22:47:47,135,14
2024-06-13 22:47:47,136,15
2024-06-13 22:47:47,136,14
2024-06-13 22:47:47,136,14
2024-06-13 22:47:47,137,22
2024-06-13 22:47:47,125,13
2024-06-13 22:47:47,126,15
2024-06-13 22:47:47,125,11
2024-06-13 22:47:47,125,10
2024-06-13 22:47:47,125,11
2024-06-13 22:47:47,125,9
2024-06-13 22:47:47,125,7
2024-06-13 22:47:47,125,9
2024-06-13 22:47:48,125,9
2024-06-13 22:47:48,125,6
2024-06-13 22:47:48,126,4
2024-06-13 22:47:48,127,5
2024-06-13 22:47:48,128,5
2024-06-13 22:47:48,129,4
2024-06-13 22:47:48,130,5
2024-06-13 22:47:48,131,5
2024-06-13 22:47:48,132,24
2024-06-13 22:47:48,133,23
2024-06-13 22:47:48,125,7
2024-06-13 22:47:48,126,3
2024-06-13 22:47:48,127,3
2024-06-13 22:47:48,128,3
2024-06-13 22:47:48,125,8
2024-06-13 22:47:48,126,22
2024-06-13 22:47:48,127,22
2024-06-13 22:47:48,128,20
2024-06-13 22:47:48,125,6
2024-06-13 22:47:48,126,5
2024-06-13 22:47:48,127,14
2024-06-13 22:47:48,128,22
2024-06-13 22:47:48,129,22
2024-06-13 22:47:49,130,3
2024-06-13 22:47:49,131,4
2024-06-13 22:47:49,132,4
2024-06-13 22:47:49,133,4
2024-06-13 22:47:49,134,4
2024-06-13 22:47:49,125,6
2024-06-13 22:47:49,125,6
2024-06-13 22:47:49,126,23
2024-06-13 22:47:49,125,6
2024-06-13 22:47:49,126,24
2024-06-13 22:47:49,127,23
2024-06-13 22:47:49,128,22
2024-06-13 22:47:49,129,24
2024-06-13 22:47:49,125,8
2024-06-13 22:47:49,125,7
2024-06-13 22:47:49,126,3
2024-06-13 22:47:49,127,3
2024-06-13 22:47:49,127,23
2024-06-13 22:47:49,127,22
2024-06-13 22:47:49,125,8
2024-06-13 22:47:49,125,6
2024-06-13 22:47:49,125,6
2024-06-13 22:47:49,125,8
2024-06-13 22:47:50,124,5
2024-06-13 22:47:50,123,23
2024-06-13 22:47:50,122,3
2024-06-13 22:47:50,122,6
2024-06-13 22:47:50,121,4
2024-06-13 22:47:50,120,3
2024-06-13 22:47:50,120,6
2024-06-13 22:47:50,119,5
2024-06-13 22:47:50,118,5
2024-06-13 22:47:50,118,6
2024-06-13 22:47:50,117,20
2024-06-13 22:47:50,117,7
2024-06-13 22:47:50,117,7
2024-06-13 22:47:50,117,7
2024-06-13 22:47:50,117,10
2024-06-13 22:47:50,116,16
2024-06-13 22:47:50,116,12
2024-06-13 22:47:50,116,11
2024-06-13 22:47:50,115,17
2024-06-13 22:47:50,114,14
2024-06-13 22:47:50,113,15
2024-06-13 22:47:50,112,14
2024-06-13 22:47:51,111,16
2024-06-13 22:47:51,110,17
2024-06-13 22:47:51,109,16
2024-06-13 22:47:51,108,16
2024-06-13 22:47:51,107,16
2024-06-13 22:47:51,106,16
2024-06-13 22:47:51,106,16
2024-06-13 22:47:51,105,16
2024-06-13 22:47:51,105,15
2024-06-13 22:47:51,104,16
2024-06-13 22:47:51,104,16
2024-06-13 22:47:51,103,16
2024-06-13 22:47:51,103,16
2024-06-13 22:47:51,102,15
2024-06-13 22:47:51,102,16
2024-06-13 22:47:51,102,16
2024-06-13 22:47:51,101,16
2024-06-13 22:47:51,101,16
2024-06-13 22:47:51,101,16
2024-06-13 22:47:51,101,16
2024-06-13 22:47:51,100,16
2024-06-13 22:47:51,100,16
2024-06-13 22:47:51,100,16
2024-06-13 22:47:52,100,16
2024-06-13 22:47:52,100,16
2024-06-13 22:47:52,100,16
2024-06-13 22:47:52,100,16
2024-06-13 22:47:52,100,16
2024-06-13 22:47:52,100,16
2024-06-13 22:47:52,100,16
2024-06-13 22:47:52,100,16
2024-06-13 22:47:52,100,16
2024-06-13 22:47:52,100,15
2024-06-13 22:47:52,100,16
2024-06-13 22:47:52,100,16
2024-06-13 22:47:52,100,16
2024-06-13 22:47:52,100,16
2024-06-13 22:47:52,100,16
2024-06-13 22:47:52,100,16
2024-06-13 22:47:52,101,16
2024-06-13 22:47:52,101,16
2024-06-13 22:47:52,101,15
2024-06-13 22:47:52,102,16
2024-06-13 22:47:52,102,16
2024-06-13 22:47:52,102,16
2024-06-13 22:47:53,103,16
2024-06-13 22:47:53,103,16
2024-06-13 22:47:53,103,16
2024-06-13 22:47:53,104,16
2024-06-13 22:47:53,104,16
2024-06-13 22:47:53,105,15
2024-06-13 22:47:53,105,16
2024-06-13 22:47:53,106,16
2024-06-13 22:47:53,106,16
2024-06-13 22:47:53,107,15
2024-06-13 22:47:53,107,16
2024-06-13 22:47:53,108,16
2024-06-13 22:47:53,108,16
2024-06-13 22:47:53,109,16
2024-06-13 22:47:53,110,16
2024-06-13 22:47:53,110,16
2024-06-13 22:47:53,111,16
2024-06-13 22:47:53,111,16
2024-06-13 22:47:53,112,16
2024-06-13 22:47:53,113,16
2024-06-13 22:47:53,113,16
2024-06-13 22:47:53,114,16
2024-06-13 22:47:53,115,15
2024-06-13 22:47:54,115,16
2024-06-13 22:47:54,116,16
2024-06-13 22:47:54,117,16
2024-06-13 22:47:54,118,15
2024-06-13 22:47:54,118,16
2024-06-13 22:47:54,119,16
2024-06-13 22:47:54,120,16
2024-06-13 22:47:54,120,16
2024-06-13 22:47:54,121,16
2024-06-13 22:47:54,122,16
2024-06-13 22:47:54,122,16
2024-06-13 22:47:54,123,16
2024-06-13 22:47:54,124,16
2024-06-13 22:47:54,125,16
2024-06-13 22:47:54,125,16
2024-06-13 22:47:54,126,16
2024-06-13 22:47:54,127,15
2024-06-13 22:47:54,127,16
2024-06-13 22:47:54,128,16
2024-06-13 22:47:54,128,16
2024-06-13 22:47:54,129,15
2024-06-13 22:47:54,130,16
2024-06-13 22:47:55,130,16
2024-06-13 22:47:55,131,16
2024-06-13 22:47:55,131,16
2024-06-13 22:47:55,132,16
2024-06-13 22:47:55,133,14
2024-06-13 22:47:55,133,16
2024-06-13 22:47:55,134,14
2024-06-13 22:47:55,134,15
2024-06-13 22:47:55,135,14
2024-06-13 22:47:55,135,14
2024-06-13 22:47:55,135,14
2024-06-13 22:47:55,125,13
2024-06-13 22:47:55,126,14
2024-06-13 22:47:55,125,13
2024-06-13 22:47:55,125,12
2024-06-13 22:47:55,125,11
2024-06-13 22:47:55,125,13
2024-06-13 22:47:55,125,13
2024-06-13 22:47:55,125,12
2024-06-13 22:47:55,125,12
2024-06-13 22:47:55,125,9
2024-06-13 22:47:55,125,11
2024-06-13 22:47:56,125,11
2024-06-13 22:47:56,125,9
2024-06-13 22:47:56,125,10
2024-06-13 22:47:56,126,20
2024-06-13 22:47:56,125,12
2024-06-13 22:47:56,125,10
2024-06-13 22:47:56,125,11
2024-06-13 22:47:56,125,13
2024-06-13 22:47:56,126,14
2024-06-13 22:47:56,125,13
2024-06-13 22:47:56,126,14
2024-06-13 22:47:56,125,9
2024-06-13 22:47:56,125,13
2024-06-13 22:47:56,126,14
2024-06-13 22:47:56,127,14
2024-06-13 22:47:56,128,14
2024-06-13 22:47:56,125,13
2024-06-13 22:47:56,126,14
2024-06-13 22:47:56,127,14
2024-06-13 22:47:56,128,14
2024-06-13 22:47:56,129,14
2024-06-13 22:47:56,130,14
2024-06-13 22:47:56,131,23
2024-06-13 22:47:57,132,14
2024-06-13 22:47:57,133,14
2024-06-13 22:47:57,134,15
2024-06-13 22:47:57,135,16
2024-06-13 22:47:57,135,14
2024-06-13 22:47:57,134,17
2024-06-13 22:47:57,134,16
2024-06-13 22:47:57,133,14
2024-06-13 22:47:57,133,14
2024-06-13 22:47:57,132,22
2024-06-13 22:47:57,125,13
2024-06-13 22:47:57,126,14
2024-06-13 22:47:57,125,13
2024-06-13 22:47:57,126,14
2024-06-13 22:47:57,127,14
2024-06-13 22:47:57,128,14
2024-06-13 22:47:57,128,14
2024-06-13 22:47:57,127,14
2024-06-13 22:47:57,125,13
2024-06-13 22:47:57,125,10
2024-06-13 22:47:57,125,13
2024-06-13 22:47:57,125,12
2024-06-13 22:47:58,124,15
2024-06-13 22:47:58,124,12
2024-06-13 22:47:58,123,14
2024-06-13 22:47:58,122,14
2024-06-13 22:47:58,121,14
2024-06-13 22:47:58,121,12
2024-06-13 22:47:58,120,14
2024-06-13 22:47:58,120,9
2024-06-13 22:47:58,120,13
2024-06-13 22:47:58,119,14
2024-06-13 22:47:58,118,14
2024-06-13 22:47:58,117,14
2024-06-13 22:47:58,116,14
2024-06-13 22:47:58,115,14
2024-06-13 22:47:58,114,14
2024-06-13 22:47:58,114,15
2024-06-13 22:47:58,113,16
2024-06-13 22:47:58,112,15
2024-06-13 22:47:58,112,16
2024-06-13 22:47:58,111,16
2024-06-13 22:47:58,110,16
2024-06-13 22:47:58,110,16
2024-06-13 22:47:58,109,16
2024-06-13 22:47:59,108,16
2024-06-13 22:47:59,108,16
2024-06-13 22:47:59,107,16
2024-06-13 22:47:59,107,15
2024-06-13 22:47:59,106,16
2024-06-13 22:47:59,106,16
2024-06-13 22:47:59,105,16
2024-06-13 22:47:59,105,16
2024-06-13 22:47:59,104,16
2024-06-13 22:47:59,104,16
2024-06-13 22:47:59,103,16
2024-06-13 22:47:59,103,15
2024-06-13 22:47:59,103,16
2024-06-13 22:47:59,102,16
2024-06-13 22:47:59,102,16
2024-06-13 22:47:59,102,16
2024-06-13 22:47:59,101,16
2024-06-13 22:47:59,101,16
2024-06-13 22:47:59,101,16
2024-06-13 22:47:59,101,16
2024-06-13 22:47:59,100,16
2024-06-13 22:47:59,100,16
2024-06-13 22:48:00,100,16
2024-06-13 22:48:00,100,16
2024-06-13 22:48:00,100,16
2024-06-13 22:48:00,100,16
2024-06-13 22:48:00,100,16
2024-06-13 22:48:00,100,16
2024-06-13 22:48:00,100,15
2024-06-13 22:48:00,100,16
2024-06-13 22:48:00,100,16
2024-06-13 22:48:00,100,16
2024-06-13 22:48:00,100,16
2024-06-13 22:48:00,100,16
2024-06-13 22:48:00,100,16
2024-06-13 22:48:00,100,16
2024-06-13 22:48:00,100,16
2024-06-13 22:48:00,100,15
2024-06-13 22:48:00,101,16
2024-06-13 22:48:00,101,16
2024-06-13 22:48:00,101,16
2024-06-13 22:48:00,102,16
2024-06-13 22:48:00,102,16
2024-06-13 22:48:00,102,16
2024-06-13 22:48:01,103,16
2024-06-13 22:48:01,103,15
2024-06-13 22:48:01,103,16
2024-06-13 22:48:01,104,16
2024-06-13 22:48:01,104,16
2024-06-13 22:48:01,105,16
2024-06-13 22:48:01,105,16
2024-06-13 22:48:01,106,16
2024-06-13 22:48:01,106,16
2024-06-13 22:48:01,107,16
2024-06-13 22:48:01,107,15
2024-06-13 22:48:01,108,16
2024-06-13 22:48:01,108,16
2024-06-13 22:48:01,109,16
2024-06-13 22:48:01,110,16
2024-06-13 22:48:01,110,16
2024-06-13 22:48:01,111,16
2024-06-13 22:48:01,111,16
2024-06-13 22:48:01,112,15
2024-06-13 22:48:01,113,16
2024-06-13 22:48:01,113,16
2024-06-13 22:48:01,114,16
2024-06-13 22:48:02,115,16
2024-06-13 22:48:02,115,16
2024-06-13 22:48:02,116,16
2024-06-13 22:48:02,117,16
2024-06-13 22:48:02,118,16
2024-06-13 22:48:02,118,15
2024-06-13 22:48:02,119,16
2024-06-13 22:48:02,120,16
2024-06-13 22:48:02,120,16
2024-06-13 22:48:02,121,16
2024-06-13 22:48:02,122,16
2024-06-13 22:48:02,122,16
2024-06-13 22:48:02,123,16
2024-06-13 22:48:02,124,15
2024-06-13 22:48:02,125,16
2024-06-13 22:48:02,125,16
2024-06-13 22:48:02,126,16
2024-06-13 22:48:02,127,16
2024-06-13 22:48:02,127,16
2024-06-13 22:48:02,128,16
2024-06-13 22:48:02,128,16
2024-06-13 22:48:02,129,16
2024-06-13 22:48:02,130,15
2024-06-13 22:48:03,130,16
2024-06-13 22:48:03,131,16
2024-06-13 22:48:03,131,17
2024-06-13 22:48:03,132,16
2024-06-13 22:48:03,133,16
2024-06-13 22:48:03,133,14
2024-06-13 22:48:03,134,14
2024-06-13 22:48:03,134,16
2024-06-13 22:48:03,135,14
2024-06-13 22:48:03,135,14
2024-06-13 22:48:03,135,15
2024-06-13 22:48:03,136,16
2024-06-13 22:48:03,136,14
2024-06-13 22:48:03,137,14
2024-06-13 22:48:03,137,16
2024-06-13 22:48:03,137,15
2024-06-13 22:48:03,125,12
2024-06-13 22:48:03,125,13
2024-06-13 22:48:03,125,12
2024-06-13 22:48:03,125,9
2024-06-13 22:48:03,125,7
2024-06-13 22:48:03,125,7
2024-06-13 22:48:04,125,9
2024-06-13 22:48:04,125,11
2024-06-13 22:48:04,126,5
2024-06-13 22:48:04,127,3
2024-06-13 22:48:04,128,4
2024-06-13 22:48:04,129,14
2024-06-13 22:48:04,130,24
2024-06-13 22:48:04,131,23
2024-06-13 22:48:04,132,3
2024-06-13 22:48:04,133,3
2024-06-13 22:48:04,134,3
2024-06-13 22:48:04,135,3
2024-06-13 22:48:04,136,3
2024-06-13 22:48:04,137,3
2024-06-13 22:48:04,138,3
2024-06-13 22:48:04,139,3
2024-06-13 22:48:04,138,3
2024-06-13 22:48:04,138,3
2024-06-13 22:48:04,138,3
2024-06-13 22:48:04,138,3
2024-06-13 22:48:04,137,3
2024-06-13 22:48:04,137,3
2024-06-13 22:48:04,137,3
2024-06-13 22:48:04,136,3
2024-06-13 22:48:05,136,3
2024-06-13 22:48:05,136,3
2024-06-13 22:48:05,135,3
2024-06-13 22:48:05,135,3
2024-06-13 22:48:05,134,3
2024-06-13 22:48:05,134,3
2024-06-13 22:48:05,133,3
2024-06-13 22:48:05,133,23
2024-06-13 22:48:05,132,3
2024-06-13 22:48:05,132,3
2024-06-13 22:48:05,131,3
2024-06-13 22:48:05,131,3
2024-06-13 22:48:05,130,3
2024-06-13 22:48:05,130,3
2024-06-13 22:48:05,129,3
2024-06-13 22:48:05,128,3
2024-06-13 22:48:05,128,23
2024-06-13 22:48:05,127,23
2024-06-13 22:48:05,127,23
2024-06-13 22:48:05,126,23
2024-06-13 22:48:05,125,23
2024-06-13 22:48:05,125,23
2024-06-13 22:48:06,124,23
2024-06-13 22:48:06,124,7
2024-06-13 22:48:06,124,8
2024-06-13 22:48:06,123,22
2024-06-13 22:48:06,122,22
2024-06-13 22:48:06,122,8
2024-06-13 22:48:06,121,5
2024-06-13 22:48:06,120,20
2024-06-13 22:48:06,119,24
2024-06-13 22:48:06,118,4
2024-06-13 22:48:06,117,3
2024-06-13 22:48:06,116,5
2024-06-13 22:48:06,116,7
2024-06-13 22:48:06,116,7
2024-06-13 22:48:06,116,6
2024-06-13 22:48:06,116,10
2024-06-13 22:48:06,116,10
2024-06-13 22:48:06,115,14
2024-06-13 22:48:06,115,13
2024-06-13 22:48:06,114,14
2024-06-13 22:48:06,113,14
2024-06-13 22:48:06,112,14
2024-06-13 22:48:06,111,18
2024-06-13 22:48:07,110,16
2024-06-13 22:48:07,109,16
2024-06-13 22:48:07,108,16
2024-06-13 22:48:07,107,16
2024-06-13 22:48:07,106,16
2024-06-13 22:48:07,106,16
2024-06-13 22:48:07,105,16
2024-06-13 22:48:07,105,16
2024-06-13 22:48:07,104,16
2024-06-13 22:48:07,104,16
2024-06-13 22:48:07,104,16
2024-06-13 22:48:07,103,16
2024-06-13 22:48:07,103,16
2024-06-13 22:48:07,102,16
2024-06-13 22:48:07,102,16
2024-06-13 22:48:07,102,16
2024-06-13 22:48:07,101,15
2024-06-13 22:48:07,101,16
2024-06-13 22:48:07,101,16
2024-06-13 22:48:07,101,16
2024-06-13 22:48:07,100,16
2024-06-13 22:48:07,100,15
2024-06-13 22:48:08,100,16
2024-06-13 22:48:08,100,16
2024-06-13 22:48:08,100,16
2024-06-13 22:48:08,100,16
2024-06-13 22:48:08,100,16
2024-06-13 22:48:08,100,16
2024-06-13 22:48:08,100,16
2024-06-13 22:48:08,100,16
2024-06-13 22:48:08,100,15
2024-06-13 22:48:08,100,16
2024-06-13 22:48:08,100,16
2024-06-13 22:48:08,100,16
2024-06-13 22:48:08,100,16
2024-06-13 22:48:08,100,15
2024-06-13 22:48:08,100,16
2024-06-13 22:48:08,100,16
2024-06-13 22:48:08,101,16
2024-06-13 22:48:08,101,16
2024-06-13 22:48:08,101,16
2024-06-13 22:48:08,101,16
2024-06-13 22:48:08,102,16
2024-06-13 22:48:08,102,16
2024-06-13 22:48:08,102,15
2024-06-13 22:48:09,103,16
2024-06-13 22:48:09,103,16
2024-06-13 22:48:09,103,16
2024-06-13 22:48:09,104,16
2024-06-13 22:48:09,104,16
2024-06-13 22:48:09,105,16
2024-06-13 22:48:09,105,16
2024-06-13 22:48:09,106,15
2024-06-13 22:48:09,106,16
2024-06-13 22:48:09,107,16
2024-06-13 22:48:09,107,16
2024-06-13 22:48:09,108,16
2024-06-13 22:48:09,109,16
2024-06-13 22:48:09,109,16
2024-06-13 22:48:09,110,16
2024-06-13 22:48:09,110,16
2024-06-13 22:48:09,111,15
2024-06-13 22:48:09,112,16
2024-06-13 22:48:09,112,16
2024-06-13 22:48:09,113,16
2024-06-13 22:48:09,114,16
2024-06-13 22:48:09,114,16
2024-06-13 22:48:10,115,16
2024-06-13 22:48:10,116,16
2024-06-13 22:48:10,116,15
2024-06-13 22:48:10,117,16
2024-06-13 22:48:10,118,16
2024-06-13 22:48:10,118,16
2024-06-13 22:48:10,119,16
2024-06-13 22:48:10,120,16
2024-06-13 22:48:10,121,16
2024-06-13 22:48:10,121,16
2024-06-13 22:48:10,122,16
2024-06-13 22:48:10,123,15
2024-06-13 22:48:10,123,16
2024-06-13 22:48:10,124,16
2024-06-13 22:48:10,125,16
2024-06-13 22:48:10,125,16
2024-06-13 22:48:10,126,16
2024-06-13 22:48:10,127,16
2024-06-13 22:48:10,127,16
2024-06-13 22:48:10,128,15
2024-06-13 22:48:10,129,16
2024-06-13 22:48:10,129,16
2024-06-13 22:48:11,130,16
2024-06-13 22:48:11,130,16
2024-06-13 22:48:11,131,16
2024-06-13 22:48:11,132,16
2024-06-13 22:48:11,132,16
2024-06-13 22:48:11,133,14
2024-06-13 22:48:11,133,15
2024-06-13 22:48:11,134,16
2024-06-13 22:48:11,134,16
2024-06-13 22:48:11,135,14
2024-06-13 22:48:11,135,14
2024-06-13 22:48:11,136,14
2024-06-13 22:48:11,125,13
2024-06-13 22:48:11,126,14
2024-06-13 22:48:11,125,13
2024-06-13 22:48:11,126,14
2024-06-13 22:48:11,127,14
2024-06-13 22:48:11,125,13
2024-06-13 22:48:11,125,11
2024-06-13 22:48:11,126,15
2024-06-13 22:48:11,127,14
2024-06-13 22:48:11,128,14
2024-06-13 22:48:11,125,12
2024-06-13 22:48:12,126,14
2024-06-13 22:48:12,125,13
2024-06-13 22:48:12,126,14
2024-06-13 22:48:12,127,15
2024-06-13 22:48:12,125,12
2024-06-13 22:48:12,126,16
2024-06-13 22:48:12,125,9
2024-06-13 22:48:12,125,11
2024-06-13 22:48:12,125,12
2024-06-13 22:48:12,125,13
2024-06-13 22:48:12,125,13
2024-06-13 22:48:12,126,14
2024-06-13 22:48:12,127,15
2024-06-13 22:48:12,125,13
2024-06-13 22:48:12,126,14
2024-06-13 22:48:12,127,14
2024-06-13 22:48:12,128,15
2024-06-13 22:48:12,129,14
2024-06-13 22:48:12,130,14
2024-06-13 22:48:12,131,14
2024-06-13 22:48:12,132,16
2024-06-13 22:48:12,133,15
2024-06-13 22:48:13,134,16
2024-06-13 22:48:13,135,14
2024-06-13 22:48:13,136,16
2024-06-13 22:48:13,135,14
2024-06-13 22:48:13,135,15
2024-06-13 22:48:13,134,14
2024-06-13 22:48:13,134,16
2024-06-13 22:48:13,133,14
2024-06-13 22:48:13,133,14
2024-06-13 22:48:13,132,15
2024-06-13 22:48:13,132,14
2024-06-13 22:48:13,131,14
2024-06-13 22:48:13,125,13
2024-06-13 22:48:13,126,14
2024-06-13 22:48:13,125,9
2024-06-13 22:48:13,125,7
2024-06-13 22:48:13,125,7
2024-06-13 22:48:13,126,15
2024-06-13 22:48:13,125,6
2024-06-13 22:48:13,126,5
2024-06-13 22:48:13,126,4
2024-06-13 22:48:13,125,5
2024-06-13 22:48:13,125,9
2024-06-13 22:48:14,124,23
2024-06-13 22:48:14,123,23
2024-06-13 22:48:14,122,3
2024-06-13 22:48:14,122,23
2024-06-13 22:48:14,121,22
2024-06-13 22:48:14,120,23
2024-06-13 22:48:14,120,14
2024-06-13 22:48:14,119,18
2024-06-13 22:48:14,118,4
2024-06-13 22:48:14,118,5
2024-06-13 22:48:14,117,3
2024-06-13 22:48:14,116,4
2024-06-13 22:48:14,116,6
2024-06-13 22:48:14,115,18
2024-06-13 22:48:14,115,7
2024-06-13 22:48:14,115,11
2024-06-13 22:48:14,115,9
2024-06-13 22:48:14,115,12
2024-06-13 22:48:14,115,12
2024-06-13 22:48:14,114,14
2024-06-13 22:48:14,115,13
2024-06-13 22:48:14,114,15
2024-06-13 22:48:15,113,14
2024-06-13 22:48:15,112,14
2024-06-13 22:48:15,111,16
2024-06-13 22:48:15,110,16
2024-06-13 22:48:15,109,16
2024-06-13 22:48:15,108,16
2024-06-13 22:48:15,107,16
2024-06-13 22:48:15,106,15
2024-06-13 22:48:15,105,16
2024-06-13 22:48:15,104,16
2024-06-13 22:48:15,104,16
2024-06-13 22:48:15,104,16
2024-06-13 22:48:15,103,16
2024-06-13 22:48:15,103,16
2024-06-13 22:48:15,102,16
2024-06-13 22:48:15,102,16
2024-06-13 22:48:15,102,16
2024-06-13 22:48:15,101,16
2024-06-13 22:48:15,101,16
2024-06-13 22:48:15,101,16
2024-06-13 22:48:15,101,16
2024-06-13 22:48:15,100,16
2024-06-13 22:48:15,100,16
2024-06-13 22:48:16,100,16
2024-06-13 22:48:16,100,15
2024-06-13 22:48:16,100,16
2024-06-13 22:48:16,100,16
2024-06-13 22:48:16,100,16
2024-06-13 22:48:16,100,16
2024-06-13 22:48:16,100,16
2024-06-13 22:48:16,100,16
2024-06-13 22:48:16,100,16
2024-06-13 22:48:16,100,16
2024-06-13 22:48:16,100,16
2024-06-13 22:48:16,100,16
2024-06-13 22:48:16,100,16
2024-06-13 22:48:16,100,16
2024-06-13 22:48:16,100,16
2024-06-13 22:48:16,100,16
2024-06-13 22:48:16,101,16
2024-06-13 22:48:16,101,16
2024-06-13 22:48:16,101,15
2024-06-13 22:48:16,101,16
2024-06-13 22:48:16,102,16
2024-06-13 22:48:16,102,16
2024-06-13 22:48:17,102,16
2024-06-13 22:48:17,103,16
2024-06-13 22:48:17,103,16
2024-06-13 22:48:17,104,16
2024-06-13 22:48:17,104,16
2024-06-13 22:48:17,105,16
2024-06-13 22:48:17,105,16
2024-06-13 22:48:17,106,16
2024-06-13 22:48:17,106,16
2024-06-13 22:48:17,107,16
2024-06-13 22:48:17,107,16
2024-06-13 22:48:17,108,16
2024-06-13 22:48:17,108,16
2024-06-13 22:48:17,109,15
2024-06-13 22:48:17,109,16
2024-06-13 22:48:17,110,16
2024-06-13 22:48:17,111,16
2024-06-13 22:48:17,111,16
2024-06-13 22:48:17,112,16
2024-06-13 22:48:17,113,16
2024-06-13 22:48:17,113,16
2024-06-13 22:48:17,114,16
2024-06-13 22:48:18,115,15
2024-06-13 22:48:18,115,16
2024-06-13 22:48:18,116,16
2024-06-13 22:48:18,117,16
2024-06-13 22:48:18,117,16
2024-06-13 22:48:18,118,16
2024-06-13 22:48:18,119,16
2024-06-13 22:48:18,119,16
2024-06-13 22:48:18,120,15
2024-06-13 22:48:18,121,16
2024-06-13 22:48:18,122,16
2024-06-13 22:48:18,122,16
2024-06-13 22:48:18,123,16
2024-06-13 22:48:18,124,16
2024-06-13 22:48:18,124,16
2024-06-13 22:48:18,125,16
2024-06-13 22:48:18,126,16
2024-06-13 22:48:18,126,15
2024-06-13 22:48:18,127,16
2024-06-13 22:48:18,128,16
2024-06-13 22:48:18,128,16
2024-06-13 22:48:18,129,16
2024-06-13 22:48:18,130,16
2024-06-13 22:48:19,130,16
2024-06-13 22:48:19,131,16
2024-06-13 22:48:19,131,16
2024-06-13 22:48:19,132,14
2024-06-13 22:48:19,132,16
2024-06-13 22:48:19,133,14
2024-06-13 22:48:19,133,16
2024-06-13 22:48:19,134,14
2024-06-13 22:48:19,134,16
2024-06-13 22:48:19,135,14
2024-06-13 22:48:19,135,14
2024-06-13 22:48:19,136,14
2024-06-13 22:48:19,136,14
2024-06-13 22:48:19,125,13
2024-06-13 22:48:19,126,14
2024-06-13 22:48:19,125,11
2024-06-13 22:48:19,125,12
2024-06-13 22:48:19,126,19
2024-06-13 22:48:19,125,9
2024-06-13 22:48:19,126,15
2024-06-13 22:48:19,125,9
2024-06-13 22:48:19,125,10
2024-06-13 22:48:20,125,7
2024-06-13 22:48:20,125,9
2024-06-13 22:48:20,125,9
2024-06-13 22:48:20,125,7
2024-06-13 22:48:20,125,9
2024-06-13 22:48:20,125,10
2024-06-13 22:48:20,125,9
2024-06-13 22:48:20,125,10
2024-06-13 22:48:20,125,12
2024-06-13 22:48:20,126,16
2024-06-13 22:48:20,125,9
2024-06-13 22:48:20,125,12
2024-06-13 22:48:20,125,12
2024-06-13 22:48:20,125,10
2024-06-13 22:48:20,126,15
2024-06-13 22:48:20,125,13
2024-06-13 22:48:20,125,13
2024-06-13 22:48:20,125,10
2024-06-13 22:48:20,126,15
2024-06-13 22:48:20,125,10
2024-06-13 22:48:20,126,14
2024-06-13 22:48:20,127,15
2024-06-13 22:48:20,125,13
2024-06-13 22:48:21,125,13
2024-06-13 22:48:21,126,14
2024-06-13 22:48:21,127,14
2024-06-13 22:48:21,125,13
2024-06-13 22:48:21,125,12
2024-06-13 22:48:21,125,13
2024-06-13 22:48:21,126,14
2024-06-13 22:48:21,127,14
2024-06-13 22:48:21,128,14
2024-06-13 22:48:21,129,14
2024-06-13 22:48:21,130,14
2024-06-13 22:48:21,131,17
2024-06-13 22:48:21,131,15
2024-06-13 22:48:21,130,16
2024-06-13 22:48:21,129,14
2024-06-13 22:48:21,129,16
2024-06-13 22:48:21,128,14
2024-06-13 22:48:21,128,15
2024-06-13 22:48:21,127,14
2024-06-13 22:48:21,126,14
2024-06-13 22:48:21,126,15
2024-06-13 22:48:21,125,19
2024-06-13 22:48:22,124,15
2024-06-13 22:48:22,124,14
2024-06-13 22:48:22,124,13
2024-06-13 22:48:22,123,14
2024-06-13 22:48:22,122,14
2024-06-13 22:48:22,121,14
2024-06-13 22:48:22,120,14
2024-06-13 22:48:22,120,12
2024-06-13 22:48:22,119,15
2024-06-13 22:48:22,118,14
2024-06-13 22:48:22,117,14
2024-06-13 22:48:22,117,14
2024-06-13 22:48:22,116,14
2024-06-13 22:48:22,115,14
2024-06-13 22:48:22,115,18
2024-06-13 22:48:22,114,16
2024-06-13 22:48:22,113,16
2024-06-13 22:48:22,113,16
2024-06-13 22:48:22,112,16
2024-06-13 22:48:22,111,16
2024-06-13 22:48:22,111,16
2024-06-13 22:48:22,110,16
2024-06-13 22:48:22,109,16
2024-06-13 22:48:23,109,16
2024-06-13 22:48:23,108,15
2024-06-13 22:48:23,108,16
2024-06-13 22:48:23,107,16
2024-06-13 22:48:23,107,16
2024-06-13 22:48:23,106,16
2024-06-13 22:48:23,105,16
2024-06-13 22:48:23,105,16
2024-06-13 22:48:23,105,16
2024-06-13 22:48:23,104,16
2024-06-13 22:48:23,104,16
2024-06-13 22:48:23,103,16
2024-06-13 22:48:23,103,16
2024-06-13 22:48:23,102,16
2024-06-13 22:48:23,102,16
2024-06-13 22:48:23,102,16
2024-06-13 22:48:23,101,16
2024-06-13 22:48:23,101,16
2024-06-13 22:48:23,101,15
2024-06-13 22:48:23,101,16
2024-06-13 22:48:23,100,16
2024-06-13 22:48:23,100,16
2024-06-13 22:48:24,100,16
2024-06-13 22:48:24,100,16
2024-06-13 22:48:24,100,16
2024-06-13 22:48:24,100,16
2024-06-13 22:48:24,100,16
2024-06-13 22:48:24,100,16
2024-06-13 22:48:24,100,16
2024-06-13 22:48:24,100,16
2024-06-13 22:48:24,100,16
2024-06-13 22:48:24,100,16
2024-06-13 22:48:24,100,16
2024-06-13 22:48:24,100,16
2024-06-13 22:48:24,100,16
2024-06-13 22:48:24,100,15
2024-06-13 22:48:24,100,16
2024-06-13 22:48:24,100,16
2024-06-13 22:48:24,101,16
2024-06-13 22:48:24,101,16
2024-06-13 22:48:24,101,16
2024-06-13 22:48:24,101,16
2024-06-13 22:48:24,102,16
2024-06-13 22:48:24,102,16
2024-06-13 22:48:25,102,16
2024-06-13 22:48:25,103,16
2024-06-13 22:48:25,103,16
2024-06-13 22:48:25,104,16
2024-06-13 22:48:25,104,16
2024-06-13 22:48:25,104,16
2024-06-13 22:48:25,105,16
2024-06-13 22:48:25,105,16
2024-06-13 22:48:25,106,15
2024-06-13 22:48:25,106,16
2024-06-13 22:48:25,107,16
2024-06-13 22:48:25,107,16
2024-06-13 22:48:25,108,16
2024-06-13 22:48:25,109,16
2024-06-13 22:48:25,109,16
2024-06-13 22:48:25,110,16
2024-06-13 22:48:25,110,16
2024-06-13 22:48:25,111,16
2024-06-13 22:48:25,112,16
2024-06-13 22:48:25,112,16
2024-06-13 22:48:25,113,16
2024-06-13 22:48:25,114,16
2024-06-13 22:48:25,114,16
2024-06-13 22:48:26,115,16
2024-06-13 22:48:26,116,16
2024-06-13 22:48:26,116,15
2024-06-13 22:48:26,117,16
2024-06-13 22:48:26,118,16
2024-06-13 22:48:26,119,16
2024-06-13 22:48:26,119,16
2024-06-13 22:48:26,120,16
2024-06-13 22:48:26,121,16
2024-06-13 22:48:26,121,16
2024-06-13 22:48:26,122,16
2024-06-13 22:48:26,123,15
2024-06-13 22:48:26,123,16
2024-06-13 22:48:26,124,16
2024-06-13 22:48:26,125,16
2024-06-13 22:48:26,125,16
2024-06-13 22:48:26,126,16
2024-06-13 22:48:26,127,16
2024-06-13 22:48:26,127,16
2024-06-13 22:48:26,128,15
2024-06-13 22:48:26,129,16
2024-06-13 22:48:26,129,16
2024-06-13 22:48:27,130,16
2024-06-13 22:48:27,131,16
2024-06-13 22:48:27,131,16
2024-06-13 22:48:27,132,14
2024-06-13 22:48:27,132,17
2024-06-13 22:48:27,133,16
2024-06-13 22:48:27,133,14
2024-06-13 22:48:27,134,15
2024-06-13 22:48:27,134,14
2024-06-13 22:48:27,135,14
2024-06-13 22:48:27,135,14
2024-06-13 22:48:27,136,14
2024-06-13 22:48:27,125,13
2024-06-13 22:48:27,126,14
2024-06-13 22:48:27,125,13
2024-06-13 22:48:27,125,12
2024-06-13 22:48:27,126,15
2024-06-13 22:48:27,127,20
2024-06-13 22:48:27,128,17
2024-06-13 22:48:27,125,8
2024-06-13 22:48:27,125,7
2024-06-13 22:48:27,125,9
2024-06-13 22:48:27,125,6
2024-06-13 22:48:28,125,8
2024-06-13 22:48:28,125,7
2024-06-13 22:48:28,125,8
2024-06-13 22:48:28,126,20
2024-06-13 22:48:28,125,6
2024-06-13 22:48:28,125,6
2024-06-13 22:48:28,126,5
2024-06-13 22:48:28,127,5
2024-06-13 22:48:28,128,5
2024-06-13 22:48:28,125,6
2024-06-13 22:48:28,125,7
2024-06-13 22:48:28,126,3
2024-06-13 22:48:28,127,5
2024-06-13 22:48:28,128,4
2024-06-13 22:48:28,129,5
2024-06-13 22:48:28,125,6
2024-06-13 22:48:28,125,6
2024-06-13 22:48:28,126,3
2024-06-13 22:48:28,125,6
2024-06-13 22:48:28,126,4
2024-06-13 22:48:28,127,5
2024-06-13 22:48:28,128,3
2024-06-13 22:48:28,129,3
2024-06-13 22:48:29,130,4
2024-06-13 22:48:29,131,4
2024-06-13 22:48:29,132,4
2024-06-13 22:48:29,133,3
2024-06-13 22:48:29,134,3
2024-06-13 22:48:29,134,4
2024-06-13 22:48:29,134,4
2024-06-13 22:48:29,133,23
2024-06-13 22:48:29,125,8
2024-06-13 22:48:29,126,22
2024-06-13 22:48:29,127,3
2024-06-13 22:48:29,128,3
2024-06-13 22:48:29,125,8
2024-06-13 22:48:29,126,22
2024-06-13 22:48:29,125,6
2024-06-13 22:48:29,125,7
2024-06-13 22:48:29,126,5
2024-06-13 22:48:29,127,14
2024-06-13 22:48:29,127,20
2024-06-13 22:48:29,126,5
2024-06-13 22:48:29,126,5
2024-06-13 22:48:29,125,3
2024-06-13 22:48:29,124,5
2024-06-13 22:48:30,124,5
2024-06-13 22:48:30,123,5
2024-06-13 22:48:30,122,4
2024-06-13 22:48:30,122,5
2024-06-13 22:48:30,121,5
2024-06-13 22:48:30,121,7
2024-06-13 22:48:30,121,7
2024-06-13 22:48:30,121,9
2024-06-13 22:48:30,120,16
2024-06-13 22:48:30,120,7
2024-06-13 22:48:30,120,8
2024-06-13 22:48:30,120,8
2024-06-13 22:48:30,120,7
2024-06-13 22:48:30,120,9
2024-06-13 22:48:30,120,9
2024-06-13 22:48:30,120,10
2024-06-13 22:48:30,119,15
2024-06-13 22:48:30,119,9
2024-06-13 22:48:30,118,14
2024-06-13 22:48:30,118,13
2024-06-13 22:48:30,117,14
2024-06-13 22:48:30,116,14
2024-06-13 22:48:30,115,14
2024-06-13 22:48:31,114,14
2024-06-13 22:48:31,113,16
2024-06-13 22:48:31,112,16
2024-06-13 22:48:31,111,16
2024-06-13 22:48:31,110,16
2024-06-13 22:48:31,109,16
2024-06-13 22:48:31,108,16
2024-06-13 22:48:31,107,16
2024-06-13 22:48:31,106,16
2024-06-13 22:48:31,105,16
2024-06-13 22:48:31,104,16
2024-06-13 22:48:31,103,16
2024-06-13 22:48:31,103,16
2024-06-13 22:48:31,102,16
2024-06-13 22:48:31,102,16
2024-06-13 22:48:31,102,16
2024-06-13 22:48:31,101,16
2024-06-13 22:48:31,101,16
2024-06-13 22:48:31,101,16
2024-06-13 22:48:31,101,16
2024-06-13 22:48:31,100,15
2024-06-13 22:48:31,100,16
2024-06-13 22:48:32,100,16
2024-06-13 22:48:32,100,16
2024-06-13 22:48:32,100,16
2024-06-13 22:48:32,100,16
2024-06-13 22:48:32,100,16
2024-06-13 22:48:32,100,16
2024-06-13 22:48:32,100,16
2024-06-13 22:48:32,100,15
2024-06-13 22:48:32,100,16
2024-06-13 22:48:32,100,16
2024-06-13 22:48:32,100,16
2024-06-13 22:48:32,100,16
2024-06-13 22:48:32,100,15
2024-06-13 22:48:32,100,16
2024-06-13 22:48:32,100,16
2024-06-13 22:48:32,100,16
2024-06-13 22:48:32,101,16
2024-06-13 22:48:32,101,16
2024-06-13 22:48:32,101,16
2024-06-13 22:48:32,101,16
2024-06-13 22:48:32,102,16
2024-06-13 22:48:32,102,15
2024-06-13 22:48:33,102,16
2024-06-13 22:48:33,103,16
2024-06-13 22:48:33,103,16
2024-06-13 22:48:33,104,16
2024-06-13 22:48:33,104,15
2024-06-13 22:48:33,104,16
2024-06-13 22:48:33,105,16
2024-06-13 22:48:33,105,16
2024-06-13 22:48:33,106,15
2024-06-13 22:48:33,106,16
2024-06-13 22:48:33,107,16
2024-06-13 22:48:33,108,16
2024-06-13 22:48:33,108,16
2024-06-13 22:48:33,109,16
2024-06-13 22:48:33,109,16
2024-06-13 22:48:33,110,16
2024-06-13 22:48:33,110,16
2024-06-13 22:48:33,111,16
2024-06-13 22:48:33,112,16
2024-06-13 22:48:33,112,16
2024-06-13 22:48:33,113,16
2024-06-13 22:48:33,114,15
2024-06-13 22:48:34,114,16
2024-06-13 22:48:34,115,16
2024-06-13 22:48:34,116,16
2024-06-13 22:48:34,116,15
2024-06-13 22:48:34,117,16
2024-06-13 22:48:34,118,16
2024-06-13 22:48:34,119,16
2024-06-13 22:48:34,119,16
2024-06-13 22:48:34,120,16
2024-06-13 22:48:34,121,16
2024-06-13 22:48:34,121,16
2024-06-13 22:48:34,122,16
2024-06-13 22:48:34,123,16
2024-06-13 22:48:34,123,16
2024-06-13 22:48:34,124,16
2024-06-13 22:48:34,125,16
2024-06-13 22:48:34,126,15
2024-06-13 22:48:34,126,16
2024-06-13 22:48:34,127,16
2024-06-13 22:48:34,128,16
2024-06-13 22:48:34,128,15
2024-06-13 22:48:34,129,16
2024-06-13 22:48:34,129,17
2024-06-13 22:48:35,130,16
2024-06-13 22:48:35,131,16
2024-06-13 22:48:35,131,16
2024-06-13 22:48:35,132,20
2024-06-13 22:48:35,132,16
2024-06-13 22:48:35,133,16
2024-06-13 22:48:35,133,14
2024-06-13 22:48:35,134,15
2024-06-13 22:48:35,134,14
2024-06-13 22:48:35,135,14
2024-06-13 22:48:35,135,14
2024-06-13 22:48:35,136,14
2024-06-13 22:48:35,136,14
2024-06-13 22:48:35,136,14
2024-06-13 22:48:35,137,14
2024-06-13 22:48:35,125,11
2024-06-13 22:48:35,125,13
2024-06-13 22:48:35,125,10
2024-06-13 22:48:35,125,8
2024-06-13 22:48:35,125,8
2024-06-13 22:48:35,125,6
2024-06-13 22:48:35,125,6
2024-06-13 22:48:36,126,5
2024-06-13 22:48:36,127,23
2024-06-13 22:48:36,128,23
2024-06-13 22:48:36,129,3
2024-06-13 22:48:36,130,20
2024-06-13 22:48:36,125,7
2024-06-13 22:48:36,125,8
2024-06-13 22:48:36,125,7
2024-06-13 22:48:36,126,22
2024-06-13 22:48:36,127,23
2024-06-13 22:48:36,128,22
2024-06-13 22:48:36,125,6
2024-06-13 22:48:36,125,8
2024-06-13 22:48:36,126,14
2024-06-13 22:48:36,127,23
2024-06-13 22:48:36,128,3
2024-06-13 22:48:36,129,4
2024-06-13 22:48:36,125,6
2024-06-13 22:48:36,126,4
2024-06-13 22:48:36,127,5
2024-06-13 22:48:36,128,4
2024-06-13 22:48:36,125,6
2024-06-13 22:48:36,125,6
2024-06-13 22:48:37,125,6
2024-06-13 22:48:37,125,7
2024-06-13 22:48:37,125,6
2024-06-13 22:48:37,126,14
2024-06-13 22:48:37,127,14
2024-06-13 22:48:37,125,7
2024-06-13 22:48:37,125,9
2024-06-13 22:48:37,125,7
2024-06-13 22:48:37,125,8
2024-06-13 22:48:37,125,9
2024-06-13 22:48:37,125,10
2024-06-13 22:48:37,125,8
2024-06-13 22:48:37,125,9
2024-06-13 22:48:37,125,7
2024-06-13 22:48:37,125,6
2024-06-13 22:48:37,125,8
2024-06-13 22:48:37,125,8
2024-06-13 22:48:37,125,8
2024-06-13 22:48:37,125,9
2024-06-13 22:48:37,125,6
2024-06-13 22:48:37,125,6
2024-06-13 22:48:37,125,6
2024-06-13 22:48:37,125,6
2024-06-13 22:48:38,125,7
2024-06-13 22:48:38,125,8
2024-06-13 22:48:38,125,8
2024-06-13 22:48:38,125,8
2024-06-13 22:48:38,125,8
2024-06-13 22:48:38,125,7
2024-06-13 22:48:38,125,7
2024-06-13 22:48:38,125,7
2024-06-13 22:48:38,125,7
2024-06-13 22:48:38,125,7
2024-06-13 22:48:38,125,7
2024-06-13 22:48:38,125,7
2024-06-13 22:48:38,125,7
2024-06-13 22:48:38,125,7
2024-06-13 22:48:38,125,7
2024-06-13 22:48:38,125,7
2024-06-13 22:48:38,125,7
2024-06-13 22:48:38,125,7
2024-06-13 22:48:38,125,7
2024-06-13 22:48:38,125,7
2024-06-13 22:48:38,125,7
2024-06-13 22:48:38,125,7
2024-06-13 22:48:38,125,7
2024-06-13 22:48:39,125,7
2024-06-13 22:48:39,125,7
2024-06-13 22:48:39,125,7
2024-06-13 22:48:39,125,7
2024-06-13 22:48:39,125,7
2024-06-13 22:48:39,125,7
2024-06-13 22:48:39,125,7
2024-06-13 22:48:39,125,7
2024-06-13 22:48:39,125,7
2024-06-13 22:48:39,125,7
2024-06-13 22:48:39,125,7
2024-06-13 22:48:39,125,7
2024-06-13 22:48:39,125,7
2024-06-13 22:48:39,125,7
2024-06-13 22:48:39,125,7
2024-06-13 22:48:39,125,7
2024-06-13 22:48:39,125,7
2024-06-13 22:48:39,125,7
2024-06-13 22:48:39,125,7
2024-06-13 22:48:39,125,7
2024-06-13 22:48:39,125,7
2024-06-13 22:48:39,125,7
2024-06-13 22:48:39,125,7
2024-06-13 22:48:40,125,7
2024-06-13 22:48:40,125,7
2024-06-13 22:48:40,125,7
2024-06-13 22:48:40,125,7
2024-06-13 22:48:40,125,7
2024-06-13 22:48:40,125,7
2024-06-13 22:48:40,125,7
2024-06-13 22:48:40,125,7
2024-06-13 22:48:40,125,7
2024-06-13 22:48:40,125,7
2024-06-13 22:48:40,125,7
2024-06-13 22:48:40,125,7
2024-06-13 22:48:40,125,7
2024-06-13 22:48:40,125,7
2024-06-13 22:48:40,125,7
2024-06-13 22:48:40,125,7
2024-06-13 22:48:40,125,7
2024-06-13 22:48:40,125,7
2024-06-13 22:48:40,125,7
2024-06-13 22:48:40,125,7
2024-06-13 22:48:40,125,7
2024-06-13 22:48:40,125,7
2024-06-13 22:48:40,125,7
2024-06-13 22:48:41,125,7
2024-06-13 22:48:41,125,7
2024-06-13 22:48:41,125,7
2024-06-13 22:48:41,125,7
2024-06-13 22:48:41,125,7
2024-06-13 22:48:41,125,7
2024-06-13 22:48:41,125,7
2024-06-13 22:48:41,125,7
2024-06-13 22:48:41,125,7
2024-06-13 22:48:41,125,7
2024-06-13 22:48:41,125,7
2024-06-13 22:48:41,125,7
2024-06-13 22:48:41,125,7
2024-06-13 22:48:41,125,7
2024-06-13 22:48:41,125,7
2024-06-13 22:48:41,125,7
2024-06-13 22:48:41,125,7
2024-06-13 22:48:41,125,7
2024-06-13 22:48:41,125,7
2024-06-13 22:48:41,125,7
2024-06-13 22:48:41,125,7
2024-06-13 22:48:41,125,7
2024-06-13 22:48:41,125,7
2024-06-13 22:48:42,125,7
2024-06-13 22:48:42,125,7
2024-06-13 22:48:42,125,7
2024-06-13 22:48:42,125,7
2024-06-13 22:48:42,125,7
2024-06-13 22:48:42,125,7
2024-06-13 22:48:42,125,7
2024-06-13 22:48:42,125,7
2024-06-13 22:48:42,125,7
2024-06-13 22:48:42,125,7
2024-06-13 22:48:42,125,7
2024-06-13 22:48:42,125,7
2024-06-13 22:48:42,125,7
2024-06-13 22:48:42,125,7
2024-06-13 22:48:42,125,7
2024-06-13 22:48:42,125,7
2024-06-13 22:48:42,125,7
2024-06-13 22:48:42,125,7
2024-06-13 22:48:42,125,7
2024-06-13 22:48:42,125,7
2024-06-13 22:48:42,125,7
2024-06-13 22:48:42,125,7
2024-06-13 22:48:42,125,7
2024-06-13 22:48:43,125,7
2024-06-13 22:48:43,125,7
2024-06-13 22:48:43,125,7
2024-06-13 22:48:43,125,7
2024-06-13 22:48:43,125,7
2024-06-13 22:48:43,125,7
2024-06-13 22:48:43,125,7
2024-06-13 22:48:43,125,7
2024-06-13 22:48:43,125,7
2024-06-13 22:48:43,125,7
2024-06-13 22:48:43,125,7
2024-06-13 22:48:43,125,7
2024-06-13 22:48:43,125,7
2024-06-13 22:48:43,125,7
2024-06-13 22:48:43,125,7
2024-06-13 22:48:43,125,7
2024-06-13 22:48:43,125,7
2024-06-13 22:48:43,125,7
2024-06-13 22:48:43,125,7
2024-06-13 22:48:43,125,7
2024-06-13 22:48:43,125,7
2024-06-13 22:48:43,125,7
2024-06-13 22:48:43,125,7
2024-06-13 22:48:44,125,7
2024-06-13 22:48:44,125,7
2024-06-13 22:48:44,125,7
2024-06-13 22:48:44,125,7
2024-06-13 22:48:44,125,7
2024-06-13 22:48:44,125,7
2024-06-13 22:48:44,125,7
2024-06-13 22:48:44,125,7
2024-06-13 22:48:44,125,7
2024-06-13 22:48:44,125,7
2024-06-13 22:48:44,125,7
2024-06-13 22:48:44,125,7
2024-06-13 22:48:44,125,7
2024-06-13 22:48:44,125,7
2024-06-13 22:48:44,125,7
2024-06-13 22:48:44,125,7
2024-06-13 22:48:44,125,7
2024-06-13 22:48:44,125,7
2024-06-13 22:48:44,125,7
2024-06-13 22:48:44,125,7
2024-06-13 22:48:44,125,7
2024-06-13 22:48:44,125,7
2024-06-13 22:48:44,125,7
2024-06-13 22:48:45,125,7
2024-06-13 22:48:45,125,7
2024-06-13 22:48:45,125,7
2024-06-13 22:48:45,125,7
2024-06-13 22:48:45,125,7
2024-06-13 22:48:45,125,7
2024-06-13 22:48:45,125,7
2024-06-13 22:48:45,125,7
2024-06-13 22:48:45,125,7
2024-06-13 22:48:45,125,7
2024-06-13 22:48:45,125,7
2024-06-13 22:48:45,125,7
2024-06-13 22:48:45,125,7
2024-06-13 22:48:45,125,7
2024-06-13 22:48:45,125,7
2024-06-13 22:48:45,125,7
2024-06-13 22:48:45,125,7
2024-06-13 22:48:45,125,7
2024-06-13 22:48:45,125,7
2024-06-13 22:48:45,125,7
2024-06-13 22:48:45,125,7
2024-06-13 22:48:45,125,7
2024-06-13 22:48:45,125,7
2024-06-13 22:48:46,125,7
2024-06-13 22:48:46,125,7
2024-06-13 22:48:46,125,7
2024-06-13 22:48:46,125,7
2024-06-13 22:48:46,125,7
2024-06-13 22:48:46,125,7
2024-06-13 22:48:46,125,7
2024-06-13 22:48:46,125,7
2024-06-13 22:48:46,125,7
2024-06-13 22:48:46,125,7
2024-06-13 22:48:46,125,7
2024-06-13 22:48:46,125,7
2024-06-13 22:48:46,125,7
2024-06-13 22:48:46,125,7
2024-06-13 22:48:46,125,7
2024-06-13 22:48:46,125,7
2024-06-13 22:48:46,125,7
2024-06-13 22:48:46,125,7
2024-06-13 22:48:46,125,7
2024-06-13 22:48:46,125,7
2024-06-13 22:48:46,125,7
2024-06-13 22:48:46,125,7
2024-06-13 22:48:46,125,7
2024-06-13 22:48:47,125,7
2024-06-13 22:48:47,125,7
2024-06-13 22:48:47,125,7
2024-06-13 22:48:47,125,7
2024-06-13 22:48:47,125,7
2024-06-13 22:48:47,125,7
2024-06-13 22:48:47,125,7
2024-06-13 22:48:47,125,7
2024-06-13 22:48:47,125,7
2024-06-13 22:48:47,125,7
2024-06-13 22:48:47,125,7
2024-06-13 22:48:47,125,7
2024-06-13 22:48:47,125,7
2024-06-13 22:48:47,125,7
2024-06-13 22:48:47,125,7
2024-06-13 22:48:47,125,7
2024-06-13 22:48:47,125,7
2024-06-13 22:48:47,125,7
2024-06-13 22:48:47,125,7
2024-06-13 22:48:47,125,7
2024-06-13 22:48:47,125,7
2024-06-13 22:48:47,125,7
2024-06-13 22:48:48,125,7
2024-06-13 22:48:48,125,7
2024-06-13 22:48:48,125,7
2024-06-13 22:48:48,125,7
2024-06-13 22:48:48,125,7
2024-06-13 22:48:48,125,7
2024-06-13 22:48:48,125,7
2024-06-13 22:48:48,125,7
2024-06-13 22:48:48,125,7
2024-06-13 22:48:48,125,7
2024-06-13 22:48:48,125,7
2024-06-13 22:48:48,125,7
2024-06-13 22:48:48,125,7
2024-06-13 22:48:48,125,7
2024-06-13 22:48:48,125,7
2024-06-13 22:48:48,125,7
2024-06-13 22:48:48,125,7
2024-06-13 22:48:48,125,7
2024-06-13 22:48:48,125,7
2024-06-13 22:48:48,125,7
2024-06-13 22:48:48,125,7
2024-06-13 22:48:48,125,7
2024-06-13 22:48:48,125,7
2024-06-13 22:48:49,125,7
2024-06-13 22:48:49,125,7
2024-06-13 22:48:49,125,7
2024-06-13 22:48:49,125,7
2024-06-13 22:48:49,125,7
2024-06-13 22:48:49,125,7
2024-06-13 22:48:49,125,7
